{"presets":{"Minimal":{"customer_layout":"theme","content_bg_colour":"#f6f6f6","content_header_colour":"#333333","content_text_colour":"#666666","content_link_colour":"#666666","content_link_hover_colour":"#6db038","content_secondary_colour":"#dddddd","cart_header_colour":"#d6d6d6","sale_background_color":"#444444","sale_text_color":"#ffffff","btn_colour":"#666666","btn_text_colour":"#ffffff","btn_hover_colour":"#6db038","btn_hover_text_colour":"#ffffff","bg_colour":"#ffffff","logo_colour":"#333333","logo_hover_colour":"#6db038","cart_bg_colour":"#eeeeee","cart_link_colour":"#666666","cart_link_hover_colour":"#6db038","cart_divider_colour":"#cccccc","nav_link_colour":"#666666","nav_hover_colour":"#6db038","nav_divider_colour":"#dddddd","dropdown_bg_colour":"#ffffff","dropdown_brd_colour":"#dddddd","header_search_border_colour":"#dddddd","feature_collections_on_homepage_heading":"Shop by categories","carousel_height":"300","carousel_button_colour":"#ffffff","carousel_arrow_colour":"#cccccc","carousel_button_hover_colour":"#dddddd","carousel_arrow_hover_colour":"#666666","carousel_dots_colour":"#000000","carousel_dots_active_colour":"#bbbbbb","carousel_item_1_link":"","carousel_item_2_link":"","carousel_item_3_link":"","carousel_item_4_link":"","carousel_item_5_link":"","carousel_item_6_link":"","widget_title_colour":"#333333","widget_text_colour":"#666666","widget_bg_colour":"#ffffff","widget_link_colour":"#333333","widget_link_hover_colour":"#6db038","widget_divider_colour":"#cccccc","textwidget_title":"Welcome","allcollections_title":"Product Categories","vendors_widget_title":"Vendors","mailing_list_title":"Newsletter","grid_header_colour":"#666666","grid_bg_colour":"#f6f6f6","grid_text_colour":"#666666","grid_link_colour":"#333333","grid_link_hover_colour":"#6db038","grid_price_colour":"#333333","grid_price_background_colour":"#ffffff","added_to_cart_bg":"#fff7a0","product_price_colour":"#6db038","productspg_featured_collection_heading":"","comment_bg":"#ffffff","comment_text_colour":"#666666","comment_author_colour":"#333333","comment_date_colour":"#cccccc","featured_collection_visible":true,"featured_collection_title":"View Products","featured_collection_name":"frontpage","footer_bg_colour":"#ffffff","footer_txt_colour":"#999999","footer_link_colour":"#999999","footer_link_hover_colour":"#6db038","twitter_link":"http://www.twitter.com/shopify","facebook_link":"http://www.facebook.com/shopify","google_link":"https://plus.google.com/+shopify","youtube_link":"http://www.youtube.com/user/shopify","vimeo_link":"http://vimeo.com/shopify","pinterest_link":"http://pinterest.com/shopify/","instagram_link":"http://instagram.com/shopify","tumblr_link":"","atom_link":"","textwidget_content":"Lorem ipsum dolor sit amet, consectetur adipiscing elit. Aenean pharetra, ligula non mollis pretium, lectus libero sodales augue, interdum auctor mauris dui non risus. Nulla facilisi. Nunc rutrum diam in elit sagittis eget viverra erat viverra. Morbi imperdiet aliquet libero vel rhoncus. Integer.","mailchimp_form_action":"","mailing_list_tagline":"We promise to only send you good things.","header_font":"BebasNeueRegular, arial, sans-serif","general_font":"Helvetica, Arial, sans-serif","general_font_size":"13px","diagonal_colour":"diagonal-light-grey.png","body_bg_img":"none","body_bg_alignment":"center","logo_image":"nologo.png","header_font_size":"48px","header_font_style":"normal","nav_font_size":"24px","nav_font_style":"normal","search_icon_colour":"black","home_featured_product_font_size":"24px","home_featured_product_font_style":"normal","home_featured_collection":"frontpage","home_products_collection":"frontpage","home_products_limit":"4","widget_title_font_size":"24px","widget_title_font_style":"normal","mailing_list_type":"shopify","grid_header_font_size":"24px","grid_header_font_style":"normal","grid_align":"bottom","main_image_display":"Zoom-in","product_name_font_size":"24px","product_name_font_style":"bold italic","productspg_featured_limit":"4","footer_linklist":"footer","use_diagonal":true,"show_header_search":true,"show_page_on_homepage":false,"feature_collections_on_homepage":false,"use_linklist_for_categories":false,"home_featured_header_show":false,"show_featured_desc":true,"show_carousel":false,"show_carousel_dots":false,"show_carousel_item_1":true,"show_carousel_item_2":true,"show_carousel_item_3":true,"show_carousel_item_4":false,"show_carousel_item_5":false,"show_carousel_item_6":false,"show_right_column":true,"textwidget_visible":false,"show_allcollections_widget":true,"show_vendors_widget":false,"show_widget_linklist1":false,"show_widget_linklist2":false,"show_widget_linklist3":false,"show_blog":true,"show_mailing_list":false,"show_vendor":false,"share_prod_on_twitter":true,"share_prod_on_facebook":true,"share_prod_on_googleplus":false,"share_prod_on_pinterest":true,"productspg_related_products":true,"allow_note":true,"show_amex":true,"show_discover":true,"show_visa":true,"show_mastercard":true,"show_maestro":true,"show_cirrus":true,"show_paypal":true,"show_google":true,"home_page":"frontpage","linklist_for_categories":"","twitterwidget_visible":"true","twitterwidget_title":"Latest Tweets","twitterwidget_username":"shopify","twitterwidget_numtweets":"4","widget_linklist1":"","widget_linklist2":"","widget_linklist3":"","productspg_featured_collection":"frontpage","newsletter_heading":"Newsletter","newsletter_first_name_label":"First name...","newsletter_last_name_label":"Last name...","newsletter_email_label":"Email...","newsletter_submit":"SUBSCRIBE","newsletter_action":"","newsletter_email":"EMAIL","newsletter_first_name":"FNAME","newsletter_last_name":"LNAME"},"Sky":{"customer_layout":"theme","content_bg_colour":"#ffffff","content_header_colour":"#4e4e4e","content_text_colour":"#6a6a6a","content_link_colour":"#666666","content_link_hover_colour":"#439eab","content_secondary_colour":"#dddddd","cart_header_colour":"#eeeeee","sale_background_color":"#444444","sale_text_color":"#ffffff","btn_colour":"#cccccc","btn_text_colour":"#4f5555","btn_hover_colour":"#439eab","btn_hover_text_colour":"#ffffff","bg_colour":"#ffffff","logo_colour":"#498c95","logo_hover_colour":"#439eab","cart_bg_colour":"#4f5555","cart_link_colour":"#dddddd","cart_link_hover_colour":"#ffffff","cart_divider_colour":"#6b7676","nav_link_colour":"#4f5555","nav_hover_colour":"#439eab","nav_divider_colour":"#bde4ea","dropdown_bg_colour":"#ffffff","dropdown_brd_colour":"#cccccc","header_search_border_colour":"#bde4ea","feature_collections_on_homepage_heading":"Shop by categories","carousel_height":"300","carousel_button_colour":"#3A3D3F","carousel_arrow_colour":"#afafaf","carousel_button_hover_colour":"#1D1F20","carousel_arrow_hover_colour":"#ffffff","carousel_dots_colour":"#000000","carousel_dots_active_colour":"#bbbbbb","carousel_item_1_link":"","carousel_item_2_link":"","carousel_item_3_link":"","carousel_item_4_link":"","carousel_item_5_link":"","carousel_item_6_link":"","widget_title_colour":"#666666","widget_text_colour":"#999999","widget_bg_colour":"#f9f9f9","widget_link_colour":"#999999","widget_link_hover_colour":"#439eab","widget_divider_colour":"#cccccc","textwidget_title":"Welcome","allcollections_title":"Product Categories","vendors_widget_title":"Vendors","mailing_list_title":"Newsletter","grid_header_colour":"#4f5555","grid_bg_colour":"#f6f6f6","grid_text_colour":"#666666","grid_link_colour":"#4f5555","grid_link_hover_colour":"#498c95","grid_price_colour":"#4f5555","grid_price_background_colour":"#f3fcff","added_to_cart_bg":"#eeeeee","product_price_colour":"#439eab","productspg_featured_collection_heading":"","comment_bg":"#eeeeee","comment_text_colour":"#666666","comment_author_colour":"#439eab","comment_date_colour":"#cccccc","featured_collection_visible":true,"featured_collection_title":"View Products","featured_collection_name":"frontpage","footer_bg_colour":"#f9f9f9","footer_txt_colour":"#cccccc","footer_link_colour":"#aaaaaa","footer_link_hover_colour":"#498c95","twitter_link":"http://www.twitter.com/shopify","facebook_link":"http://www.facebook.com/shopify","google_link":"https://plus.google.com/+shopify","youtube_link":"http://www.youtube.com/user/shopify","vimeo_link":"http://vimeo.com/shopify","pinterest_link":"http://pinterest.com/shopify/","instagram_link":"http://instagram.com/shopify","tumblr_link":"","atom_link":"","textwidget_content":"Lorem ipsum dolor sit amet, consectetur adipiscing elit. Aenean pharetra, ligula non mollis pretium, lectus libero sodales augue, interdum auctor mauris dui non risus. Nulla facilisi. Nunc rutrum diam in elit sagittis eget viverra erat viverra. Morbi imperdiet aliquet libero vel rhoncus. Integer.","mailchimp_form_action":"","mailing_list_tagline":"We promise to only send you good things.","header_font":"BebasNeueRegular, arial, sans-serif","general_font":"Helvetica, Arial, sans-serif","general_font_size":"13px","diagonal_colour":"diagonal-light-grey.png","body_bg_img":"variant-sky-bg.jpg","body_bg_alignment":"center","logo_image":"nologo.png","header_font_size":"48px","header_font_style":"normal","nav_font_size":"24px","nav_font_style":"normal","search_icon_colour":"black","home_featured_product_font_size":"24px","home_featured_product_font_style":"normal","home_featured_collection":"frontpage","home_products_collection":"frontpage","home_products_limit":"4","widget_title_font_size":"24px","widget_title_font_style":"normal","mailing_list_type":"shopify","grid_header_font_size":"24px","grid_header_font_style":"normal","grid_align":"bottom","main_image_display":"Zoom-in","product_name_font_size":"24px","product_name_font_style":"normal","productspg_featured_limit":"4","footer_linklist":"footer","use_diagonal":true,"show_header_search":true,"show_page_on_homepage":false,"feature_collections_on_homepage":false,"use_linklist_for_categories":false,"home_featured_header_show":false,"show_featured_desc":true,"show_carousel":false,"show_carousel_dots":false,"show_carousel_item_1":true,"show_carousel_item_2":true,"show_carousel_item_3":true,"show_carousel_item_4":false,"show_carousel_item_5":false,"show_carousel_item_6":false,"show_right_column":true,"textwidget_visible":true,"show_allcollections_widget":true,"show_vendors_widget":false,"show_widget_linklist1":false,"show_widget_linklist2":false,"show_widget_linklist3":false,"show_blog":true,"show_mailing_list":false,"show_vendor":false,"share_prod_on_twitter":true,"share_prod_on_facebook":true,"share_prod_on_googleplus":false,"share_prod_on_pinterest":true,"productspg_related_products":true,"allow_note":false,"show_amex":true,"show_discover":true,"show_visa":true,"show_mastercard":true,"show_maestro":true,"show_cirrus":true,"show_paypal":true,"show_google":true,"home_page":"frontpage","linklist_for_categories":"","twitterwidget_visible":"true","twitterwidget_title":"Latest Tweets","twitterwidget_username":"shopify","twitterwidget_numtweets":"4","widget_linklist1":"","widget_linklist2":"","widget_linklist3":"","productspg_featured_collection":"frontpage"},"Wood":{"customer_layout":"theme","content_bg_colour":"#ffffff","content_header_colour":"#d7185c","content_text_colour":"#6e6454","content_link_colour":"#564e41","content_link_hover_colour":"#d7185c","content_secondary_colour":"#b6a285","cart_header_colour":"#d5c7b3","sale_background_color":"#444444","sale_text_color":"#ffffff","btn_colour":"#9a8361","btn_text_colour":"#f3e7d5","btn_hover_colour":"#d7185c","btn_hover_text_colour":"#ffffff","bg_colour":"#63543c","logo_colour":"#ffe86b","logo_hover_colour":"#fffadd","cart_bg_colour":"#443827","cart_link_colour":"#e8dcca","cart_link_hover_colour":"#ffffff","cart_divider_colour":"#66563f","nav_link_colour":"#ffffff","nav_hover_colour":"#ffffff","nav_divider_colour":"#9b835e","dropdown_bg_colour":"#8a7555","dropdown_brd_colour":"#8a7555","header_search_border_colour":"#9b835e","feature_collections_on_homepage_heading":"Shop by categories","carousel_height":"300","carousel_button_colour":"#443827","carousel_arrow_colour":"#f3e7d5","carousel_button_hover_colour":"#f3e7d5","carousel_arrow_hover_colour":"#d7185c","carousel_dots_colour":"#000000","carousel_dots_active_colour":"#bbbbbb","carousel_item_1_link":"","carousel_item_2_link":"","carousel_item_3_link":"","carousel_item_4_link":"","carousel_item_5_link":"","carousel_item_6_link":"","widget_title_colour":"#f3e7d5","widget_text_colour":"#e8dcca","widget_bg_colour":"#443827","widget_link_colour":"#e8dcca","widget_link_hover_colour":"#ffffff","widget_divider_colour":"#715f46","textwidget_title":"Welcome","allcollections_title":"Product Categories","vendors_widget_title":"Vendors","mailing_list_title":"Newsletter","grid_header_colour":"#ffffff","grid_bg_colour":"#8a7555","grid_text_colour":"#f3e7d5","grid_link_colour":"#f3e7d5","grid_link_hover_colour":"#ffffff","grid_price_colour":"#d7185c","grid_price_background_colour":"#fff8cf","added_to_cart_bg":"#d5c7b3","product_price_colour":"#d7185c","productspg_featured_collection_heading":"","comment_bg":"#f3e7d5","comment_text_colour":"#534c40","comment_author_colour":"#9a8361","comment_date_colour":"#9a8361","featured_collection_visible":true,"featured_collection_title":"View Products","featured_collection_name":"frontpage","footer_bg_colour":"#443827","footer_txt_colour":"#f3e7d5","footer_link_colour":"#f3e7d5","footer_link_hover_colour":"#ffffff","twitter_link":"http://www.twitter.com/shopify","facebook_link":"http://www.facebook.com/shopify","google_link":"https://plus.google.com/+shopify","youtube_link":"http://www.youtube.com/user/shopify","vimeo_link":"http://vimeo.com/shopify","pinterest_link":"http://pinterest.com/shopify/","instagram_link":"http://instagram.com/shopify","tumblr_link":"","atom_link":"","textwidget_content":"Lorem ipsum dolor sit amet, consectetur adipiscing elit. Aenean pharetra, ligula non mollis pretium, lectus libero sodales augue, interdum auctor mauris dui non risus. Nulla facilisi. Nunc rutrum diam in elit sagittis eget viverra erat viverra. Morbi imperdiet aliquet libero vel rhoncus. Integer.","mailchimp_form_action":"","mailing_list_tagline":"We promise to only send you good things.","header_font":"BebasNeueRegular, arial, sans-serif","general_font":"Helvetica, Arial, sans-serif","general_font_size":"13px","diagonal_colour":"diagonal-white.png","body_bg_img":"variant-wood-bg-oak.jpg","body_bg_alignment":"tile","logo_image":"nologo.png","header_font_size":"48px","header_font_style":"normal","nav_font_size":"24px","nav_font_style":"normal","search_icon_colour":"white","home_featured_product_font_size":"24px","home_featured_product_font_style":"normal","home_featured_collection":"frontpage","home_products_collection":"frontpage","home_products_limit":"4","widget_title_font_size":"24px","widget_title_font_style":"normal","mailing_list_type":"shopify","grid_header_font_size":"24px","grid_header_font_style":"normal","grid_align":"bottom","main_image_display":"Zoom-in","product_name_font_size":"24px","product_name_font_style":"normal","productspg_featured_limit":"4","footer_linklist":"footer","use_diagonal":true,"show_header_search":false,"show_page_on_homepage":false,"feature_collections_on_homepage":false,"use_linklist_for_categories":false,"home_featured_header_show":true,"show_featured_desc":false,"show_carousel":true,"show_carousel_dots":false,"show_carousel_item_1":true,"show_carousel_item_2":true,"show_carousel_item_3":true,"show_carousel_item_4":false,"show_carousel_item_5":false,"show_carousel_item_6":false,"show_right_column":false,"textwidget_visible":false,"show_allcollections_widget":false,"show_vendors_widget":false,"show_widget_linklist1":false,"show_widget_linklist2":false,"show_widget_linklist3":false,"show_blog":true,"show_mailing_list":false,"show_vendor":false,"share_prod_on_twitter":true,"share_prod_on_facebook":true,"share_prod_on_googleplus":false,"share_prod_on_pinterest":true,"productspg_related_products":true,"allow_note":false,"show_amex":true,"show_discover":true,"show_visa":true,"show_mastercard":true,"show_maestro":true,"show_cirrus":true,"show_paypal":true,"show_google":true,"home_page":"frontpage","linklist_for_categories":"","twitterwidget_visible":"false","twitterwidget_title":"Latest Tweets","twitterwidget_username":"shopify","twitterwidget_numtweets":"4","widget_linklist1":"","widget_linklist2":"","widget_linklist3":"","productspg_featured_collection":"frontpage"},"Slate":{"customer_layout":"theme","content_bg_colour":"#282C2E","content_header_colour":"#ffffff","content_text_colour":"#afafaf","content_link_colour":"#dddddd","content_link_hover_colour":"#ffffff","content_secondary_colour":"#41474a","cart_header_colour":"#1d1f20","sale_background_color":"#444444","sale_text_color":"#ffffff","btn_colour":"#554B60","btn_text_colour":"#ffffff","btn_hover_colour":"#FCF3C1","btn_hover_text_colour":"#554B60","bg_colour":"#282C2E","logo_colour":"#282C2E","logo_hover_colour":"#554B60","cart_bg_colour":"#282C2E","cart_link_colour":"#afafaf","cart_link_hover_colour":"#ffffff","cart_divider_colour":"#444444","nav_link_colour":"#554b60","nav_hover_colour":"#282c2e","nav_divider_colour":"#554B60","dropdown_bg_colour":"#ffffff","dropdown_brd_colour":"#c5c3b3","header_search_border_colour":"#E7E7CE","feature_collections_on_homepage_heading":"Shop by categories","carousel_height":"300","carousel_button_colour":"#3A3D3F","carousel_arrow_colour":"#afafaf","carousel_button_hover_colour":"#1D1F20","carousel_arrow_hover_colour":"#ffffff","carousel_dots_colour":"#000000","carousel_dots_active_colour":"#bbbbbb","carousel_item_1_link":"","carousel_item_2_link":"","carousel_item_3_link":"","carousel_item_4_link":"","carousel_item_5_link":"","carousel_item_6_link":"","widget_title_colour":"#ffffff","widget_text_colour":"#AFAFAF","widget_bg_colour":"#1D1F20","widget_link_colour":"#fcf3c1","widget_link_hover_colour":"#ffffff","widget_divider_colour":"#3A3D3F","textwidget_title":"Welcome","allcollections_title":"Product Categories","vendors_widget_title":"Vendors","mailing_list_title":"Newsletter","grid_header_colour":"#ffffff","grid_bg_colour":"#3A3D3F","grid_text_colour":"#aaaaaa","grid_link_colour":"#dddddd","grid_link_hover_colour":"#ffffff","grid_price_colour":"#ffffff","grid_price_background_colour":"#575A5B","added_to_cart_bg":"#1D1F20","product_price_colour":"#FCF3C1","productspg_featured_collection_heading":"","comment_bg":"#1D1F20","comment_text_colour":"#AFAFAF","comment_author_colour":"#FCF3C1","comment_date_colour":"#3A3D3F","featured_collection_visible":true,"featured_collection_title":"View Products","featured_collection_name":"frontpage","footer_bg_colour":"#3A3D3F","footer_txt_colour":"#777777","footer_link_colour":"#AFAFAF","footer_link_hover_colour":"#ffffff","twitter_link":"http://www.twitter.com/shopify","facebook_link":"http://www.facebook.com/shopify","google_link":"https://plus.google.com/+shopify","youtube_link":"http://www.youtube.com/user/shopify","vimeo_link":"http://vimeo.com/shopify","pinterest_link":"http://pinterest.com/shopify/","instagram_link":"http://instagram.com/shopify","tumblr_link":"","atom_link":"","textwidget_content":"Lorem ipsum dolor sit amet, consectetur adipiscing elit. Aenean pharetra, ligula non mollis pretium, lectus libero sodales augue, interdum auctor mauris dui non risus. Nulla facilisi. Nunc rutrum diam in elit sagittis eget viverra erat viverra. Morbi imperdiet aliquet libero vel rhoncus. Integer.","mailchimp_form_action":"","mailing_list_tagline":"We promise to only send you good things.","header_font":"BebasNeueRegular, arial, sans-serif","general_font":"Helvetica, Arial, sans-serif","general_font_size":"13px","diagonal_colour":"diagonal-white.png","body_bg_img":"variant-slate-bg-warm.jpg","body_bg_alignment":"center","logo_image":"nologo.png","header_font_size":"48px","header_font_style":"normal","nav_font_size":"24px","nav_font_style":"normal","search_icon_colour":"black","home_featured_product_font_size":"24px","home_featured_product_font_style":"normal","home_featured_collection":"frontpage","home_products_collection":"frontpage","home_products_limit":"4","widget_title_font_size":"24px","widget_title_font_style":"normal","mailing_list_type":"shopify","grid_header_font_size":"24px","grid_header_font_style":"normal","grid_align":"bottom","main_image_display":"Zoom-in","product_name_font_size":"24px","product_name_font_style":"normal","productspg_featured_limit":"4","footer_linklist":"footer","use_diagonal":true,"show_header_search":true,"show_page_on_homepage":false,"feature_collections_on_homepage":false,"use_linklist_for_categories":false,"home_featured_header_show":false,"show_featured_desc":true,"show_carousel":false,"show_carousel_dots":false,"show_carousel_item_1":true,"show_carousel_item_2":true,"show_carousel_item_3":true,"show_carousel_item_4":false,"show_carousel_item_5":false,"show_carousel_item_6":false,"show_right_column":true,"textwidget_visible":false,"show_allcollections_widget":true,"show_vendors_widget":false,"show_widget_linklist1":false,"show_widget_linklist2":false,"show_widget_linklist3":false,"show_blog":true,"show_mailing_list":false,"show_vendor":false,"share_prod_on_twitter":true,"share_prod_on_facebook":true,"share_prod_on_googleplus":false,"share_prod_on_pinterest":true,"productspg_related_products":true,"allow_note":true,"show_amex":true,"show_discover":true,"show_visa":true,"show_mastercard":true,"show_maestro":true,"show_cirrus":true,"show_paypal":true,"show_google":true,"home_page":"frontpage","linklist_for_categories":"","twitterwidget_visible":"true","twitterwidget_title":"Latest Tweets","twitterwidget_username":"shopify","twitterwidget_numtweets":"4","widget_linklist1":"","widget_linklist2":"","widget_linklist3":"","productspg_featured_collection":"frontpage"}},"current":{"customer_layout":"theme","content_bg_colour":"#f6f6f6","content_header_colour":"#333333","content_text_colour":"#666666","content_link_colour":"#666666","content_link_hover_colour":"#6db038","content_secondary_colour":"#dddddd","cart_header_colour":"#d6d6d6","sale_background_color":"#444444","sale_text_color":"#ffffff","btn_colour":"#666666","btn_text_colour":"#ffffff","btn_hover_colour":"#6db038","btn_hover_text_colour":"#ffffff","bg_colour":"#ffffff","logo_colour":"#333333","logo_hover_colour":"#6db038","cart_bg_colour":"#eeeeee","cart_link_colour":"#666666","cart_link_hover_colour":"#6db038","cart_divider_colour":"#cccccc","nav_link_colour":"#fff","nav_hover_colour":"#fff","nav_divider_colour":"#dddddd","dropdown_bg_colour":"#ffffff","dropdown_brd_colour":"#fff","header_search_border_colour":"#dddddd","banner_heading_1":"Our Plan is Simple","banner_content":"Don't fertilize plants with poisonous chemicals","banner_button_text":"LEARN MORE","feature_collections_on_homepage_heading":"Shop by categories","carousel_height":"300","carousel_button_colour":"#ffffff","carousel_arrow_colour":"#cccccc","carousel_button_hover_colour":"#dddddd","carousel_arrow_hover_colour":"#666666","carousel_dots_colour":"#000000","carousel_dots_active_colour":"#bbbbbb","carousel_item_1_link":"","carousel_item_1_alt":"","carousel_item_2_link":"","carousel_item_2_alt":"","carousel_item_3_link":"","carousel_item_3_alt":"","carousel_item_4_link":"","carousel_item_4_alt":"","carousel_item_5_link":"","carousel_item_5_alt":"","carousel_item_6_link":"","carousel_item_6_alt":"","widget_title_colour":"#333333","widget_text_colour":"#666666","widget_bg_colour":"#ffffff","widget_link_colour":"#333333","widget_link_hover_colour":"#6db038","widget_divider_colour":"#cccccc","textwidget_title":"Welcome","allcollections_title":"Product Categories","vendors_widget_title":"Vendors","mailing_list_title":"Newsletter","grid_header_colour":"#666666","grid_bg_colour":"#f6f6f6","grid_text_colour":"#666666","grid_link_colour":"#333333","grid_link_hover_colour":"#6db038","grid_price_colour":"#333333","grid_price_background_colour":"#ffffff","added_to_cart_bg":"#fff7a0","product_price_colour":"#6db038","productspg_featured_collection_heading":"","comment_bg":"#ffffff","comment_text_colour":"#666666","comment_author_colour":"#333333","comment_date_colour":"#cccccc","featured_collection_title":"View Products","footer_bg_colour":"#ffffff","footer_txt_colour":"#999999","footer_link_colour":"#999999","footer_link_hover_colour":"#6db038","twitter_link":"https://twitter.com/agrarianorganic","facebook_link":"https://www.facebook.com/AgrarianOrganics","google_link":"","youtube_link":"","vimeo_link":"","pinterest_link":"http://pinterest.com/agrarianorganic/","instagram_link":"http://instagram.com/agrarianorganics","tumblr_link":"","atom_link":"","newsletter_heading":"Newsletter","newsletter_first_name_label":"First name...","newsletter_last_name_label":"Last name...","newsletter_email_label":"Email...","newsletter_submit":"SUBSCRIBE","newsletter_action":"","newsletter_email":"EMAIL","newsletter_first_name":"FNAME","newsletter_last_name":"LNAME","textwidget_content":"Lorem ipsum dolor sit amet, consectetur adipiscing elit. Aenean pharetra, ligula non mollis pretium, lectus libero sodales augue, interdum auctor mauris dui non risus. Nulla facilisi. Nunc rutrum diam in elit sagittis eget viverra erat viverra. Morbi imperdiet aliquet libero vel rhoncus. Integer.","mailchimp_form_action":"","mailing_list_tagline":"We promise to only send you good things.","header_font":"BebasNeueRegular, arial, sans-serif","general_font":"Helvetica, Arial, sans-serif","general_font_size":"13px","diagonal_colour":"diagonal-light-grey.png","body_bg_img":"none","body_bg_alignment":"center","logo_image":"logo.png","header_font_size":"48px","header_font_style":"normal","nav_font_size":"16px","nav_font_style":"normal","search_icon_colour":"black","home_featured_product_font_size":"24px","home_featured_product_font_style":"normal","home_featured_collection":"frontpage","home_products_collection":"frontpage","home_products_limit":"4","widget_title_font_size":"24px","widget_title_font_style":"normal","mailing_list_type":"shopify","grid_header_font_size":"24px","grid_header_font_style":"normal","grid_align":"bottom","main_image_display":"Zoom-in","product_name_font_size":"24px","product_name_font_style":"bold italic","productspg_featured_limit":"4","footer_linklist":"footer","newsletter":"enabled","use_diagonal":true,"show_header_search":true,"show_page_on_homepage":false,"feature_collections_on_homepage":false,"use_linklist_for_categories":false,"home_featured_header_show":false,"show_featured_desc":true,"show_carousel":false,"show_carousel_dots":false,"show_carousel_item_1":true,"show_carousel_item_2":true,"show_carousel_item_3":true,"show_carousel_item_4":false,"show_carousel_item_5":false,"show_carousel_item_6":false,"show_right_column":true,"textwidget_visible":false,"show_allcollections_widget":true,"show_vendors_widget":false,"show_widget_linklist1":false,"show_widget_linklist2":false,"show_widget_linklist3":false,"show_blog":true,"show_mailing_list":false,"show_vendor":false,"share_prod_on_twitter":true,"share_prod_on_facebook":true,"share_prod_on_googleplus":false,"share_prod_on_pinterest":true,"productspg_related_products":true,"allow_note":true,"featured_collection_visible":true,"show_amex":true,"show_discover":true,"show_visa":true,"show_mastercard":true,"show_maestro":true,"show_cirrus":true,"show_paypal":true,"show_google":true,"featured_collection_name":"all","home_page":"frontpage","linklist_for_categories":"","twitterwidget_visible":"true","twitterwidget_title":"Latest Tweets","twitterwidget_username":"shopify","twitterwidget_numtweets":"4","widget_linklist1":"","widget_linklist2":"","widget_linklist3":"","productspg_featured_collection":"frontpage","link_to_button":"all"}}