[{"name":"Welcome","settings":[{"type":"header","content":"Parallax v1.1"},{"type":"header","content":"Documentation: [http:\/\/support.outofthesandbox.com](http:\/\/support.outofthesandbox.com)"},{"type":"paragraph","content":"FAQ: [Home Page Sections](http:\/\/support.outofthesandbox.com\/customer\/portal\/articles\/1730774-parallax-home-page-content-layout) • [Dropdown Menu](http:\/\/support.outofthesandbox.com\/customer\/portal\/articles\/942350-creating-a-dropdown-menu) • [Adding Tabs](http:\/\/support.outofthesandbox.com\/customer\/portal\/articles\/942364-adding-tabs) • [Sale Banners](http:\/\/support.outofthesandbox.com\/customer\/portal\/articles\/942366-products-on-sale) • [Related Products](http:\/\/support.outofthesandbox.com\/customer\/portal\/articles\/942378-related-products) • [Home Page Collections](http:\/\/support.outofthesandbox.com\/customer\/portal\/articles\/942377) • [Page of Collections](http:\/\/support.outofthesandbox.com\/customer\/portal\/articles\/1132818-page-of-collections) • [Content Page Video](http:\/\/support.outofthesandbox.com\/customer\/portal\/articles\/942365) • [Product Page Video](http:\/\/support.outofthesandbox.com\/customer\/portal\/articles\/1059911) • [Adding Columns](http:\/\/support.outofthesandbox.com\/customer\/portal\/articles\/1033987)"},{"type":"paragraph","content":"If you need any assistance, please contact [support@outofthesandbox.com](mailto:support@outofthesandbox.com)"}]},{"name":"Header","settings":[{"type":"checkbox","id":"use_logo","label":"Use a custom logo?"},{"type":"image","id":"logo.png","label":"Logo (maximum 410x205)","max-width":410,"max-height":205},{"type":"checkbox","id":"use_logo_home","label":"Use a logo over the home page featured image?"},{"type":"image","id":"logo_home.png","label":"Logo over Home Page Featured Image (maximum 410x205)","max-width":410,"max-height":205},{"type":"text","id":"logo_width","label":"Logo Display Width (maximum 205px)","default":"205"},{"type":"image","id":"favicon.png","label":"Favicon (maximum 32x32)","max-width":32,"max-height":32},{"type":"link_list","id":"main_linklist","label":"Main Menu Link List"},{"type":"text","id":"dropdown_column_links","label":"Number of Main Menu Dropdown Links in first Column ([?](http:\/\/support.outofthesandbox.com\/customer\/portal\/articles\/942350-creating-a-dropdown-menu))","default":"10"},{"type":"text","id":"logo_top_padding","label":"Logo Top Padding ([?](http:\/\/support.outofthesandbox.com\/customer\/portal\/articles\/1339268)) (maximum 10px)","default":"0"},{"type":"text","id":"menu_top_padding","label":"Main Menu Top Padding ([?](http:\/\/support.outofthesandbox.com\/customer\/portal\/articles\/1339268)) (maximum 20px)","default":"0"},{"type":"text","id":"content_top_padding","label":"Content Area Top Padding ([?](http:\/\/support.outofthesandbox.com\/customer\/portal\/articles\/1339268)) (maximum 150px)","default":"150","info":"Use more padding for taller logo images"},{"type":"checkbox","id":"fixed_header","label":"Fixed ('Sticky') Header?","default":true},{"type":"checkbox","id":"search_enabled","label":"Search Enabled?","default":true},{"type":"select","id":"search_option","label":"Search Results","options":[{"value":"products","label":"Products"},{"value":"everything","label":"Everything"}]},{"type":"paragraph","content":"Sign In Link"},{"type":"paragraph","content":"To display the \"Sign In\" link, enable customer accounts from Settings > Checkout."}]},{"name":"Layout Colors and Backgrounds","settings":[{"type":"color","id":"link_color","label":"Link Color","default":"#333333"},{"type":"color","id":"link_hover_color","label":"Link Hover Color","default":"#000000"},{"type":"color","id":"sidebar_nav_color","label":"Sidebar Link Color","default":"#333333"},{"type":"color","id":"sidebar_nav_color_hover","label":"Sidebar Link Hover Color","default":"#000000"},{"type":"color","id":"btn_color","label":"Button Background Color","default":"#000000"},{"type":"color","id":"btn_hover_color","label":"Button Background Hover Color","default":"#AE3333"},{"type":"color","id":"btn_text_color","label":"Button Text Color","default":"#FFFFFF"},{"type":"color","id":"sale_color","label":"Sale Price Color","default":"#AE3333"},{"type":"color","id":"sale_banner_color","label":"Sale Banner Color","default":"#AE3333"},{"type":"color","id":"new_banner_color","label":"New Banner Color","default":"#AE3333"},{"type":"color","id":"was_price_color","label":"Compare At Price Color","default":"#AE3333"},{"type":"color","id":"border_color","label":"Border Color","default":"#d3d3d3"},{"type":"color","id":"tab_background_color","label":"Tab Background Color","default":"#f5f5f5"},{"type":"checkbox","id":"table_styles_enabled","label":"Use styled tables?"},{"type":"color","id":"shop_bg_color","label":"Background Color"},{"type":"color","id":"modal_background_color","label":"'Quick View' Background Color","default":"#FFFFFF"},{"type":"color","id":"header_bg_color","label":"Header Background Color"},{"type":"checkbox","id":"transparent_header","label":"Header Background Transparency?","default":true},{"type":"color","id":"mobile_header_bg_color","label":"Mobile Header Background Color"},{"type":"select","id":"mobile_menu_color","label":"Mobile Menu Background Color","options":[{"value":"white","label":"White"},{"value":"light","label":"Silver"},{"value":"dark","label":"Gray"},{"value":"black","label":"Black"}]},{"type":"color","id":"shop_home_page_content_bg_color","label":"Home Page Content Sections Background Color"},{"type":"color","id":"shop_home_page_content_text_color","label":"Home Page Content Text Color"},{"type":"checkbox","id":"use_custom_bg_image","label":"Use a Background Image?"},{"type":"image","id":"custom_bg.png","label":"Upload Background Image","max-width":2000,"max-height":2000},{"type":"select","id":"repeat_bg","label":"Repeat Background","options":[{"value":"no-repeat","label":"None"},{"value":"repeat-x","label":"Horizontally"},{"value":"repeat-y","label":"Vertically"},{"value":"repeat","label":"Both"}],"default":"repeat"},{"type":"checkbox","id":"bg_fixed","label":"Fix Background Position?"},{"type":"checkbox","id":"bg_stretched","label":"Stretch Background to fill screen?"},{"type":"color","id":"sub_footer_link_color","label":"Footer Link Color","default":"#AE3333"},{"type":"color","id":"sub_footer_link_color_hover","label":"Footer Link Hover Color","default":"#AE3333"},{"type":"color","id":"sub_footer_border_color","label":"Footer Border Color"},{"type":"color","id":"sub_footer_color","label":"Footer Background Color"},{"type":"checkbox","id":"use_custom_footer_image","label":"Use a background image?"},{"type":"image","id":"footer_bg.jpg","label":"Background Image","max-width":2048,"max-height":2048},{"type":"checkbox","id":"footer_bg_stretched","label":"Stretch Background to fill footer?"}]},{"name":"Typography","settings":[{"type":"radio","id":"logo_typeface_method","label":"Logo Typeface:","options":[{"value":"google_webfonts","label":"[Google Web fonts](http:\/\/www.google.com\/webfonts)"},{"value":"websafe","label":"Web Font"}]},{"type":"select","id":"logo_google_webfont_font","label":"Google Web Font","options":[{"value":"Anton","label":"Anton"},{"value":"Arvo","label":"Arvo"},{"value":"Asap","label":"Asap"},{"value":"Bevan","label":"Bevan"},{"value":"Cabin","label":"Cabin"},{"value":"Copse","label":"Copse"},{"value":"Corben","label":"Corben"},{"value":"Dancing+Script","label":"Dancing Script"},{"value":"Droid+Sans","label":"Droid Sans"},{"value":"Droid+Serif","label":"Droid Serif"},{"value":"EB+Garamond","label":"EB Garamond"},{"value":"Josefin+Slab","label":"Josefin Slab"},{"value":"Josefin+Sans","label":"Josefin Sans"},{"value":"Just+Another+Hand","label":"Just Another Hand"},{"value":"Kaushan+Script","label":"Kaushan Script"},{"value":"Kreon","label":"Kreon"},{"value":"Lato","label":"Lato"},{"value":"Lora","label":"Lora"},{"value":"Merriweather","label":"Merriweather"},{"value":"Montserrat","label":"Montserrat"},{"value":"Molengo","label":"Molengo"},{"value":"Neuton","label":"Neuton"},{"value":"Open+Sans","label":"Open Sans"},{"value":"Open+Sans+Condensed","label":"Open Sans Condensed"},{"value":"Oswald","label":"Oswald"},{"value":"Parisienne","label":"Parisienne"},{"value":"Permanent+Marker","label":"Permanent Marker"},{"value":"Philosopher","label":"Philosopher"},{"value":"PT+Sans+Narrow","label":"PT Sans"},{"value":"Questrial","label":"Questrial"},{"value":"Raleway","label":"Raleway"},{"value":"Roboto","label":"Roboto"},{"value":"Rokkitt","label":"Rokkitt"},{"value":"Source+Sans+Pro","label":"Source Sans Pro"},{"value":"Vibur","label":"Vibur"}]},{"type":"font","id":"logo_websafe_font","label":"Web Font"},{"type":"select","id":"logo_weight","label":"Font Weight","options":[{"value":"lighter","label":"Light"},{"value":"normal","label":"Regular"},{"value":"bold","label":"Bold"}],"default":"normal"},{"type":"select","id":"logo_font_style","label":"Font Style","options":[{"value":"none","label":"None"},{"value":"uppercase","label":"Uppercase"},{"value":"lowercase","label":"Lowercase"}],"default":"none"},{"type":"text","id":"logo_font_size","label":"Font Size"},{"type":"color","id":"logo_color","label":"Color"},{"type":"color","id":"logo_color_home","label":"Home Page Color"},{"type":"radio","id":"headline_typeface_method","label":"Headline Typeface:","options":[{"value":"google_webfonts","label":"[Google Web fonts](http:\/\/www.google.com\/webfonts)"},{"value":"websafe","label":"Web Font"}]},{"type":"select","id":"headline_google_webfont_font","label":"Google Web Font","options":[{"value":"Anton","label":"Anton"},{"value":"Arvo","label":"Arvo"},{"value":"Asap","label":"Asap"},{"value":"Bevan","label":"Bevan"},{"value":"Cabin","label":"Cabin"},{"value":"Copse","label":"Copse"},{"value":"Corben","label":"Corben"},{"value":"Dancing+Script","label":"Dancing Script"},{"value":"Droid+Sans","label":"Droid Sans"},{"value":"Droid+Serif","label":"Droid Serif"},{"value":"EB+Garamond","label":"EB Garamond"},{"value":"Josefin+Slab","label":"Josefin Slab"},{"value":"Josefin+Sans","label":"Josefin Sans"},{"value":"Just+Another+Hand","label":"Just Another Hand"},{"value":"Kaushan+Script","label":"Kaushan Script"},{"value":"Kreon","label":"Kreon"},{"value":"Lato","label":"Lato"},{"value":"Lora","label":"Lora"},{"value":"Merriweather","label":"Merriweather"},{"value":"Montserrat","label":"Montserrat"},{"value":"Molengo","label":"Molengo"},{"value":"Neuton","label":"Neuton"},{"value":"Open+Sans","label":"Open Sans"},{"value":"Open+Sans+Condensed","label":"Open Sans Condensed"},{"value":"Oswald","label":"Oswald"},{"value":"Parisienne","label":"Parisienne"},{"value":"Permanent+Marker","label":"Permanent Marker"},{"value":"Philosopher","label":"Philosopher"},{"value":"PT+Sans+Narrow","label":"PT Sans"},{"value":"Questrial","label":"Questrial"},{"value":"Raleway","label":"Raleway"},{"value":"Roboto","label":"Roboto"},{"value":"Rokkitt","label":"Rokkitt"},{"value":"Source+Sans+Pro","label":"Source Sans Pro"},{"value":"Vibur","label":"Vibur"}]},{"type":"select","id":"headline_websafe_font","label":"Web Font","options":[{"value":"'HelveticaNeue-Light', 'Helvetica Neue Light', 'Helvetica Neue', Helvetica, Arial, sans-serif","label":"Helvetica Neue Light","group":"Sans-serif"},{"value":"Futura, 'Century Gothic', AppleGothic, sans-serif","label":"Futura","group":"Sans-serif"},{"value":"Helvetica, Arial, sans-serif","label":"Helvetica\/Arial","group":"Sans-serif"},{"value":"Impact, Charcoal, Helvetica, Arial, sans-serif","label":"Impact","group":"Sans-serif"},{"value":"'Lucida Grande', 'Lucida Sans Unicode', 'Lucida Sans', Lucida, Helvetica, Arial, sans-serif","label":"Lucida Grande","group":"Sans-serif"},{"value":"Trebuchet MS, sans-serif","label":"Trebuchet MS","group":"Sans-serif"},{"value":"Verdana, Helvetica, Arial, sans-serif","label":"Verdana","group":"Sans-serif"},{"value":"Garamond, Baskerville, Caslon, serif","label":"Garamond","group":"Serif"},{"value":"Georgia, Utopia, 'Times New Roman', Times, serif","label":"Georgia","group":"Serif"},{"value":"Palatino, 'Palatino Linotype', 'Book Antiqua', serif","label":"Palatino","group":"Serif"},{"value":"'Times New Roman', Times, serif","label":"Times New Roman","group":"Serif"},{"value":"'Courier New', Courier, monospace","label":"Courier New","group":"Monospace"},{"value":"Monaco, 'Lucida Console', 'DejaVu Sans Mono', monospace","label":"Monaco\/Lucida Console","group":"Monospace"}]},{"type":"select","id":"headline_weight","label":"Font Weight","options":[{"value":"lighter","label":"Light"},{"value":"normal","label":"Regular"},{"value":"bold","label":"Bold"}],"default":"normal"},{"type":"select","id":"headline_font_style","label":"Font Style","options":[{"value":"none","label":"None"},{"value":"uppercase","label":"Uppercase"},{"value":"lowercase","label":"Lowercase"}],"default":"none"},{"type":"text","id":"headline_font_size","label":"Font Size"},{"type":"text","id":"headline_letter_spacing","label":"Letter Spacing"},{"type":"color","id":"headline_color","label":"Color"},{"type":"color","id":"headline_footer_text_color","label":"Footer Headline Color"},{"type":"select","id":"headline_border","label":"Headline Dividing Line","options":[{"value":"none","label":"None"},{"value":"wide","label":"Wide"},{"value":"short","label":"Short"},{"value":"thin","label":"Thin"},{"value":"double","label":"Double"}],"default":"wide"},{"type":"color","id":"headline_border_color","label":"Headline Dividing Line Color"},{"type":"radio","id":"nav_typeface_method","label":"Main Menu Typeface:","options":[{"value":"google_webfonts","label":"[Google Web fonts](http:\/\/www.google.com\/webfonts)"},{"value":"websafe","label":"Web Font"}]},{"type":"select","id":"nav_google_webfont_font","label":"Google Web Font","options":[{"value":"Anton","label":"Anton"},{"value":"Arvo","label":"Arvo"},{"value":"Asap","label":"Asap"},{"value":"Bevan","label":"Bevan"},{"value":"Cabin","label":"Cabin"},{"value":"Copse","label":"Copse"},{"value":"Corben","label":"Corben"},{"value":"Dancing+Script","label":"Dancing Script"},{"value":"Droid+Sans","label":"Droid Sans"},{"value":"Droid+Serif","label":"Droid Serif"},{"value":"EB+Garamond","label":"EB Garamond"},{"value":"Josefin+Slab","label":"Josefin Slab"},{"value":"Josefin+Sans","label":"Josefin Sans"},{"value":"Just+Another+Hand","label":"Just Another Hand"},{"value":"Kaushan+Script","label":"Kaushan Script"},{"value":"Kreon","label":"Kreon"},{"value":"Lato","label":"Lato"},{"value":"Lora","label":"Lora"},{"value":"Merriweather","label":"Merriweather"},{"value":"Montserrat","label":"Montserrat"},{"value":"Molengo","label":"Molengo"},{"value":"Neuton","label":"Neuton"},{"value":"Open+Sans","label":"Open Sans"},{"value":"Open+Sans+Condensed","label":"Open Sans Condensed"},{"value":"Oswald","label":"Oswald"},{"value":"Parisienne","label":"Parisienne"},{"value":"Permanent+Marker","label":"Permanent Marker"},{"value":"Philosopher","label":"Philosopher"},{"value":"PT+Sans+Narrow","label":"PT Sans"},{"value":"Questrial","label":"Questrial"},{"value":"Raleway","label":"Raleway"},{"value":"Roboto","label":"Roboto"},{"value":"Rokkitt","label":"Rokkitt"},{"value":"Source+Sans+Pro","label":"Source Sans Pro"},{"value":"Vibur","label":"Vibur"}]},{"type":"select","id":"nav_websafe_font","label":"Web Font","options":[{"value":"'HelveticaNeue-Light', 'Helvetica Neue Light', 'Helvetica Neue', Helvetica, Arial, sans-serif","label":"Helvetica Neue Light","group":"Sans-serif"},{"value":"Futura, 'Century Gothic', AppleGothic, sans-serif","label":"Futura","group":"Sans-serif"},{"value":"Helvetica, Arial, sans-serif","label":"Helvetica\/Arial","group":"Sans-serif"},{"value":"Impact, Charcoal, Helvetica, Arial, sans-serif","label":"Impact","group":"Sans-serif"},{"value":"'Lucida Grande', 'Lucida Sans Unicode', 'Lucida Sans', Lucida, Helvetica, Arial, sans-serif","label":"Lucida Grande","group":"Sans-serif"},{"value":"Trebuchet MS, sans-serif","label":"Trebuchet MS","group":"Sans-serif"},{"value":"Verdana, Helvetica, Arial, sans-serif","label":"Verdana","group":"Sans-serif"},{"value":"Garamond, Baskerville, Caslon, serif","label":"Garamond","group":"Serif"},{"value":"Georgia, Utopia, 'Times New Roman', Times, serif","label":"Georgia","group":"Serif"},{"value":"Palatino, 'Palatino Linotype', 'Book Antiqua', serif","label":"Palatino","group":"Serif"},{"value":"'Times New Roman', Times, serif","label":"Times New Roman","group":"Serif"},{"value":"'Courier New', Courier, monospace","label":"Courier New","group":"Monospace"},{"value":"Monaco, 'Lucida Console', 'DejaVu Sans Mono', monospace","label":"Monaco\/Lucida Console","group":"Monospace"}]},{"type":"select","id":"nav_weight","label":"Font Weight","options":[{"value":"lighter","label":"Light"},{"value":"normal","label":"Regular"},{"value":"bold","label":"Bold"}],"default":"normal"},{"type":"select","id":"nav_font_style","label":"Font Style","options":[{"value":"none","label":"None"},{"value":"uppercase","label":"Uppercase"},{"value":"lowercase","label":"Lowercase"}],"default":"none"},{"type":"text","id":"nav_font_size","label":"Font Size"},{"type":"color","id":"nav_color","label":"Color"},{"type":"color","id":"nav_color_home","label":"Home Page Color"},{"type":"color","id":"nav_color_hover","label":"Hover Color"},{"type":"text","id":"nav_letter_spacing","label":"Letter Spacing"},{"type":"checkbox","id":"nav_shadow","label":"Home Page Text Shadow","default":true},{"type":"radio","id":"regular_typeface_method","label":"Regular Text Typeface:","options":[{"value":"google_webfonts","label":"[Google Web fonts](http:\/\/www.google.com\/webfonts)"},{"value":"websafe","label":"Web Font"}]},{"type":"select","id":"regular_google_webfont_font","label":"Google Web Font","options":[{"value":"Anton","label":"Anton"},{"value":"Arvo","label":"Arvo"},{"value":"Asap","label":"Asap"},{"value":"Bevan","label":"Bevan"},{"value":"Cabin","label":"Cabin"},{"value":"Copse","label":"Copse"},{"value":"Corben","label":"Corben"},{"value":"Dancing+Script","label":"Dancing Script"},{"value":"Droid+Sans","label":"Droid Sans"},{"value":"Droid+Serif","label":"Droid Serif"},{"value":"EB+Garamond","label":"EB Garamond"},{"value":"Josefin+Slab","label":"Josefin Slab"},{"value":"Josefin+Sans","label":"Josefin Sans"},{"value":"Just+Another+Hand","label":"Just Another Hand"},{"value":"Kaushan+Script","label":"Kaushan Script"},{"value":"Kreon","label":"Kreon"},{"value":"Lato","label":"Lato"},{"value":"Lora","label":"Lora"},{"value":"Merriweather","label":"Merriweather"},{"value":"Montserrat","label":"Montserrat"},{"value":"Molengo","label":"Molengo"},{"value":"Neuton","label":"Neuton"},{"value":"Open+Sans","label":"Open Sans"},{"value":"Open+Sans+Condensed","label":"Open Sans Condensed"},{"value":"Oswald","label":"Oswald"},{"value":"Parisienne","label":"Parisienne"},{"value":"Permanent+Marker","label":"Permanent Marker"},{"value":"Philosopher","label":"Philosopher"},{"value":"PT+Sans+Narrow","label":"PT Sans"},{"value":"Questrial","label":"Questrial"},{"value":"Raleway","label":"Raleway"},{"value":"Roboto","label":"Roboto"},{"value":"Rokkitt","label":"Rokkitt"},{"value":"Source+Sans+Pro","label":"Source Sans Pro"},{"value":"Vibur","label":"Vibur"}]},{"type":"select","id":"regular_websafe_font","label":"Web Font","options":[{"value":"'HelveticaNeue-Light', 'Helvetica Neue Light', 'Helvetica Neue', Helvetica, Arial, sans-serif","label":"Helvetica Neue Light","group":"Sans-serif"},{"value":"Futura, 'Century Gothic', AppleGothic, sans-serif","label":"Futura","group":"Sans-serif"},{"value":"Helvetica, Arial, sans-serif","label":"Helvetica\/Arial","group":"Sans-serif"},{"value":"Impact, Charcoal, Helvetica, Arial, sans-serif","label":"Impact","group":"Sans-serif"},{"value":"'Lucida Grande', 'Lucida Sans Unicode', 'Lucida Sans', Lucida, Helvetica, Arial, sans-serif","label":"Lucida Grande","group":"Sans-serif"},{"value":"Trebuchet MS, sans-serif","label":"Trebuchet MS","group":"Sans-serif"},{"value":"Verdana, Helvetica, Arial, sans-serif","label":"Verdana","group":"Sans-serif"},{"value":"Garamond, Baskerville, Caslon, serif","label":"Garamond","group":"Serif"},{"value":"Georgia, Utopia, 'Times New Roman', Times, serif","label":"Georgia","group":"Serif"},{"value":"Palatino, 'Palatino Linotype', 'Book Antiqua', serif","label":"Palatino","group":"Serif"},{"value":"'Times New Roman', Times, serif","label":"Times New Roman","group":"Serif"},{"value":"'Courier New', Courier, monospace","label":"Courier New","group":"Monospace"},{"value":"Monaco, 'Lucida Console', 'DejaVu Sans Mono', monospace","label":"Monaco\/Lucida Console","group":"Monospace"}]},{"type":"select","id":"regular_weight","label":"Font Weight","options":[{"value":"lighter","label":"Light"},{"value":"normal","label":"Regular"},{"value":"bold","label":"Bold"}],"default":"normal"},{"type":"select","id":"regular_font_style","label":"Font Style","options":[{"value":"none","label":"None"},{"value":"uppercase","label":"Uppercase"},{"value":"lowercase","label":"Lowercase"}],"default":"none"},{"type":"text","id":"regular_font_size","label":"Font Size"},{"type":"color","id":"regular_color","label":"Color"},{"type":"select","id":"button_weight","label":"Button Font Weight","options":[{"value":"lighter","label":"Light"},{"value":"normal","label":"Regular"},{"value":"bold","label":"Bold"}],"default":"normal"},{"type":"select","id":"button_font_style","label":"Button Font Style","options":[{"value":"none","label":"None"},{"value":"uppercase","label":"Uppercase"},{"value":"lowercase","label":"Lowercase"}],"default":"none"},{"type":"text","id":"button_font_size","label":"Button Font Size"},{"type":"text","id":"footer_font_size","label":"Footer Font Size"},{"type":"color","id":"sub_footer_text_color","label":"Footer Text Color","default":"#AE3333"}]},{"name":"Home Page","settings":[{"type":"text","id":"promo_text","label":"Promotional Banner Text"},{"type":"header","content":"Banner Images"},{"type":"paragraph","content":"The banner images will span the full width of the layout and utilize parallax scrolling. The first image is required and will be positioned under the header. The recommended image size is 1600x1000, while the maximum image size is 2048x2048."},{"type":"text","id":"slideshow_headline_size","label":"Headline Font Size"},{"type":"select","id":"slideshow_headline_weight","label":"Headline Font Weight","options":[{"value":"lighter","label":"Light"},{"value":"normal","label":"Regular"},{"value":"bold","label":"Bold"}],"default":"normal"},{"type":"text","id":"slideshow_subtitle_size","label":"Subtitle Font Size"},{"type":"select","id":"slideshow_subtitle_weight","label":"Subtitle Font Weight","options":[{"value":"lighter","label":"Light"},{"value":"normal","label":"Regular"},{"value":"bold","label":"Bold"}],"default":"normal"},{"type":"checkbox","id":"slideshow_shadow","label":"Text Shadow","default":true},{"type":"checkbox","id":"slideshow_1_enabled","label":"Image 1 Enabled","default":true},{"type":"select","id":"image_1_position","label":"Position:","options":[{"value":"1","label":"1"}]},{"type":"checkbox","id":"header_background","label":"Use Header Background Color over Image?"},{"type":"checkbox","id":"homepage_arrow","label":"Display Arrow Down?","default":true},{"type":"image","id":"slideshow_1.jpg","label":"Image 1","max-width":2048,"max-height":2048},{"type":"text","id":"image_1_height","label":"Section Height:","default":"650"},{"type":"text","id":"image_1_headline","label":"Headline:"},{"type":"text","id":"image_1_subtitle","label":"Subtitle:"},{"type":"color","id":"image_1_text_color","label":"Text Color","default":"#ffffff"},{"type":"select","id":"image_1_text_align","label":"Text Alignment","options":[{"value":"left","label":"Left"},{"value":"center","label":"Center"},{"value":"right","label":"Right"}]},{"type":"text","id":"image_1_button_text","label":"Button Text:"},{"type":"text","id":"image_1_link","label":"Button Link URL:"},{"type":"checkbox","id":"slideshow_2_enabled","label":"Image 2 Enabled"},{"type":"select","id":"image_2_position","label":"Position:","options":[{"value":"2","label":"2"},{"value":"3","label":"3"},{"value":"4","label":"4"},{"value":"5","label":"5"},{"value":"6","label":"6"},{"value":"7","label":"7"},{"value":"8","label":"8"},{"value":"9","label":"9"},{"value":"10","label":"10"},{"value":"11","label":"11"},{"value":"12","label":"12"},{"value":"13","label":"13"},{"value":"14","label":"14"},{"value":"15","label":"15"}]},{"type":"image","id":"slideshow_2.jpg","label":"Image 2","max-width":2048,"max-height":2048},{"type":"text","id":"image_2_height","label":"Section Height:","default":"600"},{"type":"text","id":"image_2_headline","label":"Headline:"},{"type":"text","id":"image_2_subtitle","label":"Subtitle:"},{"type":"color","id":"image_2_text_color","label":"Text Color","default":"#ffffff"},{"type":"select","id":"image_2_text_align","label":"Text Alignment","options":[{"value":"left","label":"Left"},{"value":"center","label":"Center"},{"value":"right","label":"Right"}]},{"type":"text","id":"image_2_button_text","label":"Button Text:"},{"type":"text","id":"image_2_link","label":"Button Link URL:"},{"type":"checkbox","id":"slideshow_3_enabled","label":"Image 3 Enabled"},{"type":"select","id":"image_3_position","label":"Position:","options":[{"value":"2","label":"2"},{"value":"3","label":"3"},{"value":"4","label":"4"},{"value":"5","label":"5"},{"value":"6","label":"6"},{"value":"7","label":"7"},{"value":"8","label":"8"},{"value":"9","label":"9"},{"value":"10","label":"10"},{"value":"11","label":"11"},{"value":"12","label":"12"},{"value":"13","label":"13"},{"value":"14","label":"14"},{"value":"15","label":"15"}]},{"type":"image","id":"slideshow_3.jpg","label":"Image 3","max-width":2048,"max-height":2048},{"type":"text","id":"image_3_height","label":"Section Height:","default":"600"},{"type":"text","id":"image_3_headline","label":"Headline:"},{"type":"text","id":"image_3_subtitle","label":"Subtitle:"},{"type":"color","id":"image_3_text_color","label":"Text Color","default":"#ffffff"},{"type":"select","id":"image_3_text_align","label":"Text Alignment","options":[{"value":"left","label":"Left"},{"value":"center","label":"Center"},{"value":"right","label":"Right"}]},{"type":"text","id":"image_3_button_text","label":"Button Text:"},{"type":"text","id":"image_3_link","label":"Button Link URL:"},{"type":"checkbox","id":"slideshow_4_enabled","label":"Image 4 Enabled"},{"type":"select","id":"image_4_position","label":"Position:","options":[{"value":"2","label":"2"},{"value":"3","label":"3"},{"value":"4","label":"4"},{"value":"5","label":"5"},{"value":"6","label":"6"},{"value":"7","label":"7"},{"value":"8","label":"8"},{"value":"9","label":"9"},{"value":"10","label":"10"},{"value":"11","label":"11"},{"value":"12","label":"12"},{"value":"13","label":"13"},{"value":"14","label":"14"},{"value":"15","label":"15"}]},{"type":"image","id":"slideshow_4.jpg","label":"Image 4","max-width":2048,"max-height":2048},{"type":"text","id":"image_4_height","label":"Section Height:","default":"600"},{"type":"text","id":"image_4_headline","label":"Headline:"},{"type":"text","id":"image_4_subtitle","label":"Subtitle:"},{"type":"color","id":"image_4_text_color","label":"Text Color","default":"#ffffff"},{"type":"select","id":"image_4_text_align","label":"Text Alignment","options":[{"value":"left","label":"Left"},{"value":"center","label":"Center"},{"value":"right","label":"Right"}]},{"type":"text","id":"image_4_button_text","label":"Button Text:"},{"type":"text","id":"image_4_link","label":"Button Link URL:"},{"type":"checkbox","id":"slideshow_5_enabled","label":"Image 5 Enabled"},{"type":"select","id":"image_5_position","label":"Position:","options":[{"value":"2","label":"2"},{"value":"3","label":"3"},{"value":"4","label":"4"},{"value":"5","label":"5"},{"value":"6","label":"6"},{"value":"7","label":"7"},{"value":"8","label":"8"},{"value":"9","label":"9"},{"value":"10","label":"10"},{"value":"11","label":"11"},{"value":"12","label":"12"},{"value":"13","label":"13"},{"value":"14","label":"14"},{"value":"15","label":"15"}]},{"type":"image","id":"slideshow_5.jpg","label":"Image 5","max-width":2048,"max-height":2048},{"type":"text","id":"image_5_height","label":"Section Height:","default":"600"},{"type":"text","id":"image_5_headline","label":"Headline:"},{"type":"text","id":"image_5_subtitle","label":"Subtitle:"},{"type":"color","id":"image_5_text_color","label":"Text Color","default":"#ffffff"},{"type":"select","id":"image_5_text_align","label":"Text Alignment","options":[{"value":"left","label":"Left"},{"value":"center","label":"Center"},{"value":"right","label":"Right"}]},{"type":"text","id":"image_5_button_text","label":"Button Text:"},{"type":"text","id":"image_5_link","label":"Button Link URL:"},{"type":"checkbox","id":"slideshow_6_enabled","label":"Image 6 Enabled"},{"type":"select","id":"image_6_position","label":"Position:","options":[{"value":"2","label":"2"},{"value":"3","label":"3"},{"value":"4","label":"4"},{"value":"5","label":"5"},{"value":"6","label":"6"},{"value":"7","label":"7"},{"value":"8","label":"8"},{"value":"9","label":"9"},{"value":"10","label":"10"},{"value":"11","label":"11"},{"value":"12","label":"12"},{"value":"13","label":"13"},{"value":"14","label":"14"},{"value":"15","label":"15"}]},{"type":"image","id":"slideshow_6.jpg","label":"Image 6","max-width":2048,"max-height":2048},{"type":"text","id":"image_6_height","label":"Section Height:","default":"600"},{"type":"text","id":"image_6_headline","label":"Headline:"},{"type":"text","id":"image_6_subtitle","label":"Subtitle:"},{"type":"color","id":"image_6_text_color","label":"Text Color","default":"#ffffff"},{"type":"select","id":"image_6_text_align","label":"Text Alignment","options":[{"value":"left","label":"Left"},{"value":"center","label":"Center"},{"value":"right","label":"Right"}]},{"type":"text","id":"image_6_button_text","label":"Button Text:"},{"type":"text","id":"image_6_link","label":"Button Link URL:"},{"type":"header","content":"Featured Content Pages"},{"type":"paragraph","content":"The content from these pages will look great when displayed between the featured images."},{"type":"page","id":"homepage1","label":"Content Page 1"},{"type":"select","id":"content_1_position","label":"Position:","options":[{"value":"2","label":"2"},{"value":"3","label":"3"},{"value":"4","label":"4"},{"value":"5","label":"5"},{"value":"6","label":"6"},{"value":"7","label":"7"},{"value":"8","label":"8"},{"value":"9","label":"9"},{"value":"10","label":"10"},{"value":"11","label":"11"},{"value":"12","label":"12"},{"value":"13","label":"13"},{"value":"14","label":"14"},{"value":"15","label":"15"}]},{"type":"page","id":"homepage2","label":"Content Page 2"},{"type":"select","id":"content_2_position","label":"Position:","options":[{"value":"2","label":"2"},{"value":"3","label":"3"},{"value":"4","label":"4"},{"value":"5","label":"5"},{"value":"6","label":"6"},{"value":"7","label":"7"},{"value":"8","label":"8"},{"value":"9","label":"9"},{"value":"10","label":"10"},{"value":"11","label":"11"},{"value":"12","label":"12"},{"value":"13","label":"13"},{"value":"14","label":"14"},{"value":"15","label":"15"}]},{"type":"page","id":"homepage3","label":"Content Page 3"},{"type":"select","id":"content_3_position","label":"Position:","options":[{"value":"2","label":"2"},{"value":"3","label":"3"},{"value":"4","label":"4"},{"value":"5","label":"5"},{"value":"6","label":"6"},{"value":"7","label":"7"},{"value":"8","label":"8"},{"value":"9","label":"9"},{"value":"10","label":"10"},{"value":"11","label":"11"},{"value":"12","label":"12"},{"value":"13","label":"13"},{"value":"14","label":"14"},{"value":"15","label":"15"}]},{"type":"header","content":"Featured Links"},{"type":"paragraph","content":"This flexible section can feature 2-4 items that can link to any content in the shop."},{"type":"select","id":"featured_links_position","label":"Position:","options":[{"value":"2","label":"2"},{"value":"3","label":"3"},{"value":"4","label":"4"},{"value":"5","label":"5"},{"value":"6","label":"6"},{"value":"7","label":"7"},{"value":"8","label":"8"},{"value":"9","label":"9"},{"value":"10","label":"10"},{"value":"11","label":"11"},{"value":"12","label":"12"},{"value":"13","label":"13"},{"value":"14","label":"14"},{"value":"15","label":"15"}]},{"type":"checkbox","id":"featured_links","label":"Featured Links Enabled"},{"type":"select","id":"featured_links_count","label":"Number of Featured Links","options":[{"value":"2","label":"2"},{"value":"3","label":"3"},{"value":"4","label":"4"}],"default":"3"},{"type":"select","id":"featured_links_style","label":"Featured Links Animation","options":[{"value":"","label":"None"},{"value":"fadeIn","label":"Fade In"},{"value":"fadeInUp","label":"Fade Up"},{"value":"fadeInDown","label":"Fade Down"}],"default":"fadeInDown"},{"type":"image","id":"feature1.jpg","label":"Featured Link Image 1 (maximum 840x760)","max-width":840,"max-height":760},{"type":"text","id":"feature1_link","label":"Featured Button Link URL 1 (optional):"},{"type":"text","id":"feature1_title","label":"Featured Link Title 1 (optional):"},{"type":"textarea","id":"feature1_description","label":"Featured Link Description 1 (optional):"},{"type":"image","id":"feature2.jpg","label":"Featured Link Image 2 (maximum 840x760)","max-width":840,"max-height":760},{"type":"text","id":"feature2_link","label":"Featured Button Link URL 2 (optional):"},{"type":"text","id":"feature2_title","label":"Featured Link Title 2 (optional):"},{"type":"textarea","id":"feature2_description","label":"Featured Link Description 2 (optional):"},{"type":"image","id":"feature3.jpg","label":"Featured Link Image 3 (maximum 840x760)","max-width":840,"max-height":760},{"type":"text","id":"feature3_link","label":"Featured Button Link URL 3 (optional):"},{"type":"text","id":"feature3_title","label":"Featured Title Text 3 (optional):"},{"type":"textarea","id":"feature3_description","label":"Featured Link Description 3 (optional):"},{"type":"image","id":"feature4.jpg","label":"Featured Link Image 4 (maximum 840x760)","max-width":840,"max-height":760},{"type":"text","id":"feature4_link","label":"Featured Button Link URL 4 (optional):"},{"type":"text","id":"feature4_title","label":"Featured Title Text 4 (optional):"},{"type":"textarea","id":"feature4_description","label":"Featured Link Description 4 (optional):"},{"type":"header","content":"Featured Collections"},{"type":"paragraph","content":"Display links to featured collections based on a menu of collection links."},{"type":"select","id":"featured_collections_position","label":"Position:","options":[{"value":"2","label":"2"},{"value":"3","label":"3"},{"value":"4","label":"4"},{"value":"5","label":"5"},{"value":"6","label":"6"},{"value":"7","label":"7"},{"value":"8","label":"8"},{"value":"9","label":"9"},{"value":"10","label":"10"},{"value":"11","label":"11"},{"value":"12","label":"12"},{"value":"13","label":"13"},{"value":"14","label":"14"},{"value":"15","label":"15"}]},{"type":"link_list","id":"frontpage_linklist","label":"Collections Link List ([?](http:\/\/support.outofthesandbox.com\/customer\/portal\/articles\/942377))"},{"type":"select","id":"frontpage_collections_per_row","label":"Collections Per Row","options":[{"value":"2","label":"2"},{"value":"3","label":"3"},{"value":"4","label":"4"}]},{"type":"header","content":"Featured Products in Grid"},{"type":"paragraph","content":"Display a collection of featured products in the standard column grid layout."},{"type":"select","id":"featured_products_position","label":"Position:","options":[{"value":"2","label":"2"},{"value":"3","label":"3"},{"value":"4","label":"4"},{"value":"5","label":"5"},{"value":"6","label":"6"},{"value":"7","label":"7"},{"value":"8","label":"8"},{"value":"9","label":"9"},{"value":"10","label":"10"},{"value":"11","label":"11"},{"value":"12","label":"12"},{"value":"13","label":"13"},{"value":"14","label":"14"},{"value":"15","label":"15"}]},{"type":"collection","id":"frontpage_collection","label":"Product Collection"},{"type":"select","id":"frontpage_products_per_row","label":"Products Per Row","options":[{"value":"2","label":"2"},{"value":"3","label":"3"},{"value":"4","label":"4"}]},{"type":"header","content":"Featured Products in Full Detail"},{"type":"paragraph","content":"Feature a single product or collection of products in full detail to purchase directly from the home page."},{"type":"select","id":"featured_product_position","label":"Position:","options":[{"value":"2","label":"2"},{"value":"3","label":"3"},{"value":"4","label":"4"},{"value":"5","label":"5"},{"value":"6","label":"6"},{"value":"7","label":"7"},{"value":"8","label":"8"},{"value":"9","label":"9"},{"value":"10","label":"10"},{"value":"11","label":"11"},{"value":"12","label":"12"},{"value":"13","label":"13"},{"value":"14","label":"14"},{"value":"15","label":"15"}]},{"type":"collection","id":"frontpage_collection_full","label":"Product Collection"},{"type":"checkbox","id":"frontpage_display_description","label":"Display Product Description?"},{"type":"checkbox","id":"frontpage_product_stagger","label":"Stagger Products Left and Right?"},{"type":"header","content":"Blog Articles"},{"type":"paragraph","content":"Display recent blog articles on the home page. When editing your blog articles, you can 'add an excerpt'. Any text or images inserted into the excerpt will be displayed on your home page."},{"type":"select","id":"featured_blog_position","label":"Position:","options":[{"value":"2","label":"2"},{"value":"3","label":"3"},{"value":"4","label":"4"},{"value":"5","label":"5"},{"value":"6","label":"6"},{"value":"7","label":"7"},{"value":"8","label":"8"},{"value":"9","label":"9"},{"value":"10","label":"10"},{"value":"11","label":"11"},{"value":"12","label":"12"},{"value":"13","label":"13"},{"value":"14","label":"14"},{"value":"15","label":"15"}]},{"type":"blog","id":"blog_widget_select","label":"Featured Blog"},{"type":"select","id":"home_page_articles","label":"Number of Blog Articles","options":[{"value":"2","label":"2"},{"value":"3","label":"3"},{"value":"4","label":"4"}]},{"type":"header","content":"Social Feeds"},{"type":"paragraph","content":"Display Twitter and Instagram timeline profile feeds."},{"type":"select","id":"featured_social_position","label":"Position:","options":[{"value":"2","label":"2"},{"value":"3","label":"3"},{"value":"4","label":"4"},{"value":"5","label":"5"},{"value":"6","label":"6"},{"value":"7","label":"7"},{"value":"8","label":"8"},{"value":"9","label":"9"},{"value":"10","label":"10"},{"value":"11","label":"11"},{"value":"12","label":"12"},{"value":"13","label":"13"},{"value":"14","label":"14"},{"value":"15","label":"15"}]},{"type":"checkbox","id":"twitter_widget","label":"Twitter Timeline Enabled"},{"type":"text","id":"twitter_username","label":"Twitter Username"},{"type":"text","id":"tweet_count","label":"Number of Tweets","default":"4"},{"type":"checkbox","id":"instagram_widget","label":"Instagram Widget Enabled"},{"type":"text","id":"instagram_client_id","label":"Instagram Client ID ([?](http:\/\/support.outofthesandbox.com\/customer\/portal\/articles\/1405638-instagram-home-page-feed))"},{"type":"text","id":"instagram_title","label":"Instagram Widget Title","default":"Instagram"},{"type":"text","id":"instagram_username","label":"Instagram Image Username"},{"type":"text","id":"instagram_count","label":"Number of Images","default":"10"}]},{"name":"Product Page","settings":[{"type":"checkbox","id":"product_breadcrumb","label":"Display Breadcrumb Links"},{"type":"checkbox","id":"display_tags","label":"Display Tags"},{"type":"checkbox","id":"display_type","label":"Display Type"},{"type":"checkbox","id":"display_vendor","label":"Display Vendor"},{"type":"checkbox","id":"display_collections","label":"Display Collections"},{"type":"checkbox","id":"display_social_buttons","label":"Display Social Sharing Buttons"},{"type":"radio","id":"product_images_position","label":"Product Images Position","options":[{"value":"left","label":"Left"},{"value":"right","label":"Right"}]},{"type":"select","id":"product_slideshow_animation","label":"Product Image Gallery","options":[{"value":"none","label":"None"},{"value":"slide","label":"Slide"},{"value":"fade","label":"Fade"},{"value":"zoom","label":"Hover to Zoom"}]},{"type":"text","id":"slideshow_speed","label":"Product Image Gallery Speed","default":"6","info":"seconds"},{"type":"checkbox","id":"product_thumbs","label":"Display Product Image Thumbnails"},{"type":"radio","id":"product_description_position","label":"Product Description Position","options":[{"value":"top","label":"Above 'Add to Cart'"},{"value":"bottom","label":"Below 'Add to Cart'"}]},{"type":"checkbox","id":"display_related_products","label":"Display Related Products ([?](http:\/\/support.outofthesandbox.com\/customer\/portal\/articles\/942378-related-products))"},{"type":"text","id":"free_price_text","label":"\"Free\" Text (for $0 products)","default":"Free"},{"type":"checkbox","id":"notify_me_form","label":"Display \"Back in Stock Request\" Form"},{"type":"checkbox","id":"display_product_quantity","label":"Display Product Quantity Box"},{"type":"checkbox","id":"display_inventory_left","label":"Display Inventory Left"}]},{"name":"Collection Page","settings":[{"type":"select","id":"products_per_row","label":"Products Per Row","options":[{"value":"2","label":"2"},{"value":"3","label":"3"},{"value":"4","label":"4"}]},{"type":"select","id":"mobile_products_per_row","label":"Products Per Row on Mobile","options":[{"value":"1","label":"1"},{"value":"2","label":"2"}],"default":"2"},{"type":"select","id":"pagination_limit","label":"Products Per Page","options":[{"value":"24","label":"24"},{"value":"36","label":"36"},{"value":"48","label":"48"}]},{"type":"checkbox","id":"align_height","label":"Align Height of Product Images"},{"type":"text","id":"collection_height","label":"Product Image Height"},{"type":"checkbox","id":"collection_breadcrumb","label":"Display Breadcrumb Links"},{"type":"checkbox","id":"collection_tags","label":"Filter by Tags Dropdown"},{"type":"checkbox","id":"collection_sort","label":"Collection Sort Dropdown"},{"type":"checkbox","id":"display_collection_title","label":"Display Collection Title"},{"type":"checkbox","id":"sale_banner_enabled","label":"Display Sale Banners"},{"type":"checkbox","id":"quick_shop_enabled","label":"Quick View Enabled"},{"type":"checkbox","id":"quick_shop_full_description","label":"Quick View Full Product Description?"},{"type":"text","id":"description_words","label":"Quick View Description Truncated Words","default":"30"}]},{"name":"Sidebar","settings":[{"type":"checkbox","id":"homepage_sidebar","label":"Home Page Sidebar Enabled (next to featured products)"},{"type":"checkbox","id":"collection_sidebar","label":"Collection Sidebar Enabled"},{"type":"checkbox","id":"product_sidebar","label":"Product Page Sidebar Enabled"},{"type":"page","id":"collection_top_sidebar_page","label":"Sidebar Top Content Page"},{"type":"link_list","id":"collection_sidebar_linklist","label":"Sidebar Link List"},{"type":"link_list","id":"collection_sidebar_linklist2","label":"Sidebar Link List 2"},{"type":"checkbox","id":"filter_by_category","label":"Sidebar List of Collections"},{"type":"checkbox","id":"filter_by_tag","label":"Sidebar List of Tags"},{"type":"checkbox","id":"collection_sidebar_products","label":"Sidebar Product Types"},{"type":"checkbox","id":"collection_sidebar_vendors","label":"Sidebar Vendors"},{"type":"page","id":"collection_sidebar_page","label":"Sidebar Bottom Content Page"}]},{"name":"Cart","settings":[{"type":"select","id":"cart_action","label":"'Add to Cart' Action","options":[{"value":"ajax","label":"Open Sliding Cart"},{"value":"reload_page","label":"Reload Current Page"},{"value":"redirect_cart","label":"Redirect to Cart"},{"value":"redirect_checkout","label":"Redirect to Checkout"}],"default":"ajax"},{"type":"checkbox","id":"side_cart_enabled","label":"Sliding Cart Enabled","default":true},{"type":"checkbox","id":"tax_included","label":"Prices Include Tax"},{"type":"checkbox","id":"display_special_instructions","label":"Include \"Note\" Text Box"},{"type":"checkbox","id":"show_shipping_calculator","label":"Display Shipping Rates Calculator on Cart Page?"},{"type":"text","id":"shipping_calculator_default_country","label":"Shipping Rates Calculator default country selection","default":"United States"},{"type":"paragraph","content":"If your customer is logged-in, the country in his default shipping address will be selected. If you are not sure about the spelling to use above, refer to your first checkout page."}]},{"name":"Blog","settings":[{"type":"checkbox","id":"blog_breadcrumb","label":"Display Breadcrumb Links"},{"type":"checkbox","id":"display_recent_articles","label":"Display Recent Articles"},{"type":"checkbox","id":"display_social_buttons_blog","label":"Display Social Sharing Buttons"},{"type":"checkbox","id":"blog_tags","label":"Display Blog Tags"},{"type":"checkbox","id":"blog_author","label":"Display Author"},{"type":"page","id":"blog_content_page","label":"Sidebar Content Page"},{"type":"checkbox","id":"disqus_enabled","label":"[DISQUS](http:\/\/disqus.com\/) Comments Enabled (instead of Shopify's default comments)"},{"type":"text","id":"disqus_shortname","label":"[DISQUS](http:\/\/disqus.com\/) Shortname"},{"type":"header","content":"Blog Header Image"},{"type":"paragraph","content":"The recommended image size is 1400x700, while the maximum image size is 2048x2048."},{"type":"checkbox","id":"slideshow_blog_enabled","label":"Header Image Enabled"},{"type":"image","id":"slideshow_blog.jpg","label":"Header Image","max-width":2048,"max-height":2048},{"type":"text","id":"image_blog_height","label":"Section Height:","default":"400"},{"type":"text","id":"image_blog_headline","label":"Headline:"},{"type":"text","id":"image_blog_subtitle","label":"Subtitle:"},{"type":"color","id":"image_blog_text_color","label":"Text Color","default":"#ffffff"},{"type":"select","id":"image_blog_text_align","label":"Text Alignment","options":[{"value":"left","label":"Left"},{"value":"center","label":"Center"},{"value":"right","label":"Right"}],"default":"center"}]},{"name":"Contact Page","settings":[{"type":"paragraph","content":"The recommended image size is 1400x700, while the maximum image size is 2048x2048."},{"type":"text","id":"contact_address","label":"Full Mailing Address"},{"type":"text","id":"zoom_level","label":"Map Zoom Level (1-20)","default":"12"},{"type":"header","content":"Header Image"},{"type":"checkbox","id":"slideshow_contact_enabled","label":"Header Image Enabled"},{"type":"image","id":"slideshow_contact.jpg","label":"Header Image","max-width":2048,"max-height":2048},{"type":"text","id":"image_contact_height","label":"Section Height:","default":"400"},{"type":"text","id":"image_contact_headline","label":"Headline:"},{"type":"text","id":"image_contact_subtitle","label":"Subtitle:"},{"type":"color","id":"image_contact_text_color","label":"Text Color","default":"#ffffff"},{"type":"select","id":"image_contact_text_align","label":"Text Alignment","options":[{"value":"left","label":"Left"},{"value":"center","label":"Center"},{"value":"right","label":"Right"}],"default":"center"}]},{"name":"Footer","settings":[{"type":"text","id":"copyright_text","label":"Additional Copyright Text"},{"type":"checkbox","id":"newsletter_enabled","label":"Newsletter Sign Up Form"},{"type":"radio","id":"newsletter_system","label":"Newsletter System","options":[{"value":"shopify","label":"Shopify"},{"value":"mailchimp","label":"[MailChimp](http:\/\/mailchimp.com\/)"}]},{"type":"text","id":"mailchimp_link","label":"MailChimp Form Action URL ([?](http:\/\/support.outofthesandbox.com\/customer\/portal\/articles\/942352))"},{"type":"link_list","id":"footer_linklist_1","label":"Menu 1"},{"type":"page","id":"footer_content_page","label":"Footer Content Page"},{"type":"checkbox","id":"display_designed_by","label":"Display Designer Credits"},{"type":"paragraph","content":"Include the full http:\/\/ URL with your profile links:"},{"type":"checkbox","id":"social_icons_footer","label":"Display Social Icons?","default":true},{"type":"text","id":"twitter_link","label":"Twitter Link"},{"type":"text","id":"facebook_link","label":"Facebook Link"},{"type":"text","id":"google_link","label":"Google+ Link"},{"type":"text","id":"youtube_link","label":"YouTube Link"},{"type":"text","id":"vimeo_link","label":"Vimeo Link"},{"type":"text","id":"pinterest_link","label":"Pinterest Link"},{"type":"text","id":"tumblr_link","label":"Tumblr Link"},{"type":"text","id":"instagram_link","label":"Instagram Link"},{"type":"text","id":"linkedin_link","label":"LinkedIn Link"},{"type":"text","id":"flickr_link","label":"Flickr Link"},{"type":"text","id":"email_link","label":"Email Address"},{"type":"header","content":"Payment Methods"},{"type":"checkbox","id":"use_paypal","label":"PayPal"},{"type":"checkbox","id":"use_bitcoin","label":"Bitcoin"},{"type":"checkbox","id":"use_visa","label":"Visa"},{"type":"checkbox","id":"use_visaelectron","label":"Visa Electron"},{"type":"checkbox","id":"use_mastercard","label":"Mastercard"},{"type":"checkbox","id":"use_amex","label":"American Express"},{"type":"checkbox","id":"use_cirrus","label":"Cirrus"},{"type":"checkbox","id":"use_delta","label":"Delta"},{"type":"checkbox","id":"use_discover","label":"Discover"},{"type":"checkbox","id":"use_western_union","label":"Western Union"}]},{"name":"Currency Converter","settings":[{"type":"paragraph","content":"To enable this feature, you must first edit your money formats as per [these instructions](http:\/\/wiki.shopify.com\/Do_Tell_Where_The_Money_Is) (“Do tell where the money is”)."},{"type":"paragraph","content":"Although you will be able to display prices on your store front in different currencies, Shopify will still process orders in your shop's currency."},{"type":"checkbox","id":"show_multiple_currencies","label":"Currency selector enabled??"},{"type":"select","id":"currency_format","label":"Money format","options":[{"value":"money_format","label":"Without Currency, ex: $10.00"},{"value":"money_with_currency_format","label":"With Currency, ex: $10.00 USD"}],"default":"money_format"},{"type":"text","id":"supported_currencies","label":"Currencies you wish to support","default":"USD CAD"},{"type":"text","id":"default_currency","label":"Default currency","default":"USD"},{"type":"paragraph","content":"Separate your currency codes with a space. Use the ISO 4217 3-letter currency code. [Complete list of currency codes](http:\/\/www.xe.com\/iso4217.php). Example: CAD USD."}]},{"name":"Newsletter Popup","settings":[{"type":"paragraph","content":"To test this feature, set the number of days until the popup is displayed again to 0."},{"type":"checkbox","id":"newsletter_popup","label":"Popup Enabled?"},{"type":"checkbox","id":"newsletter_popup_form","label":"Display Newsletter Form?","default":true},{"type":"page","id":"newsletter_popup_page","label":"Popup Content Page"},{"type":"text","id":"newsletter_popup_seconds","label":"Seconds until Popup is Displayed","default":"2","info":"seconds"},{"type":"text","id":"newsletter_popup_days","label":"Days until Popup is Displayed Again","default":"30","info":"days"},{"type":"text","id":"newsletter_popup_max_width","label":"Popup Maximum Width","default":"600"}]},{"name":"Checkout","settings":[{"type":"checkbox","id":"constrain_logo","label":"Constrain Logo Size?"},{"type":"text","id":"total_text","label":"\"Total\" Text","default":"TOTAL"}]}]