{"presets":{"Aspen":{"use_logo":false,"use_logo_home":false,"logo_width":"205","main_linklist":"main-menu","dropdown_column_links":"10","logo_top_padding":"2","menu_top_padding":"6","content_top_padding":"100","search_enabled":true,"search_option":"products","link_color":"#007a87","link_hover_color":"#009aab","sidebar_nav_color":"#363636","sidebar_nav_color_hover":"#7f8c8d","btn_color":"#ff5a5f","btn_hover_color":"#ff7e82","btn_text_color":"#ffffff","sale_color":"#ff5a5f","sale_banner_color":"#ffb400","new_banner_color":"#ffb400","was_price_color":"#363636","border_color":"#b8c6c6","tab_background_color":"#ffffff","table_styles_enabled":true,"shop_bg_color":"#ffffff","modal_background_color":"#ffffff","header_bg_color":"#1b1f23","transparent_header":true,"mobile_header_bg_color":"#666666","mobile_menu_color":"black","shop_use_content_bg_color":false,"shop_content_bg_color":"","shop_use_home_page_content_bg_color":true,"shop_home_page_content_bg_color":"#ffffff","shop_home_page_content_text_color":"#363636","use_custom_bg_image":false,"repeat_bg":"repeat","bg_fixed":false,"bg_stretched":false,"sub_footer_link_color":"#7f8c8d","sub_footer_link_color_hover":"#ffffff","sub_footer_border_color":"#1b1f23","sub_footer_color":"#1b1f23","use_custom_footer_image":false,"footer_bg_stretched":false,"logo_typeface_method":"google_webfonts","logo_google_webfont_font":"Raleway","logo_websafe_font":"Helvetica, Arial, sans-serif","logo_weight":"normal","logo_font_style":"none","logo_font_size":"18","logo_color":"#ffffff","logo_color_home":"#ffffff","headline_typeface_method":"google_webfonts","headline_google_webfont_font":"Raleway","headline_websafe_font":"'HelveticaNeue-Light', 'Helvetica Neue Light', 'Helvetica Neue', Helvetica, Arial, sans-serif","headline_weight":"normal","headline_font_style":"uppercase","headline_font_size":"25","headline_letter_spacing":"3","headline_color":"#363636","headline_footer_text_color":"#7f8c8d","headline_border":"wide","headline_border_color":"#363636","nav_typeface_method":"google_webfonts","nav_google_webfont_font":"Raleway","nav_websafe_font":"'Lucida Grande', 'Lucida Sans Unicode', 'Lucida Sans', Lucida, Helvetica, Arial, sans-serif","nav_weight":"normal","nav_font_style":"uppercase","nav_font_size":"12","nav_color":"#ffffff","nav_color_home":"#ffffff","nav_color_hover":"#b8c6c6","nav_letter_spacing":"2","nav_shadow":true,"regular_typeface_method":"websafe","regular_google_webfont_font":"Lato","regular_websafe_font":"'HelveticaNeue-Light', 'Helvetica Neue Light', 'Helvetica Neue', Helvetica, Arial, sans-serif","regular_weight":"normal","regular_font_style":"none","regular_font_size":"15","regular_color":"#363636","button_weight":"bold","button_font_style":"uppercase","button_font_size":"16","footer_font_size":"14","sub_footer_text_color":"#6b6b6b","promo_text":"","slideshow_headline_size":"42","slideshow_headline_weight":"normal","slideshow_subtitle_size":"18","slideshow_subtitle_weight":"normal","slideshow_shadow":true,"slideshow_1_enabled":true,"header_background":false,"homepage_arrow":true,"image_1_height":"550","image_1_alt_text":"","image_1_headline":"Parallax Shopify Theme","image_1_subtitle":"","image_1_text_color":"#ffffff","image_1_text_align":"center","image_1_button_text":"","image_1_link":"","slideshow_2_enabled":false,"image_2_position":"3","image_2_height":"600","image_2_alt_text":"","image_2_headline":"","image_2_subtitle":"","image_2_text_color":"#ffffff","image_2_text_align":"center","image_2_button_text":"","image_2_link":"","slideshow_3_enabled":false,"image_3_position":"5","image_3_height":"600","image_3_alt_text":"","image_3_headline":"","image_3_subtitle":"","image_3_text_color":"#ffffff","image_3_text_align":"center","image_3_button_text":"","image_3_link":"","slideshow_4_enabled":false,"image_4_position":"7","image_4_height":"600","image_4_alt_text":"","image_4_headline":"","image_4_subtitle":"","image_4_text_color":"#ffffff","image_4_text_align":"center","image_4_button_text":"","image_4_link":"","slideshow_5_enabled":false,"image_5_position":"10","image_5_height":"600","image_5_alt_text":"","image_5_headline":"","image_5_subtitle":"","image_5_text_color":"#ffffff","image_5_text_align":"right","image_5_button_text":"","image_5_link":"","slideshow_6_enabled":false,"image_6_position":"2","image_6_height":"600","image_6_alt_text":"","image_6_headline":"","image_6_subtitle":"","image_6_text_color":"#ffffff","image_6_text_align":"left","image_6_button_text":"","image_6_link":"","homepage1":"frontpage","homepage2":"","homepage3":"","content_1_position":"4","content_2_position":"6","content_3_position":"10","featured_links_position":"2","featured_links":true,"featured_links_count":"3","featured_links_style":"fadeInUp","feature1_link":"","feature1_title":"Step 1","feature1_description":"Go to the Themes &raquo; Customize Theme section to get started setting up the Parallax theme.","feature2_link":"","feature2_title":"Step 2","feature2_description":"Checkout our <a href=\"http:\/\/support.outofthesandbox.com\/\">Support Center<\/a> for theme-related articles, or the <a href=\"http:\/\/docs.shopify.com\/manual\">Shopify Manual<\/a> for general shop setup.","feature3_link":"","feature3_title":"Step 3","feature3_description":"Publish Parallax as your main theme when you're ready to launch. Let us know about new shop launches on <a href=\"https:\/\/twitter.com\/outofthesandbox\">Twitter<\/a>!","feature4_link":"","feature4_description":"","featured_collections_position":"15","frontpage_linklist":"","frontpage_collections_per_row":"2","featured_products_position":"8","frontpage_collection":"frontpage","frontpage_products_per_row":"4","featured_product_position":"9","frontpage_display_description":false,"frontpage_product_stagger":true,"featured_blog_position":"13","blog_widget_select":"news","home_page_articles":"4","featured_social_position":"14","twitter_widget":false,"twitter_username":"","tweet_count":"3","instagram_widget":false,"instagram_client_id":"","instagram_title":"Instagram","instagram_username":"","instagram_count":"4","product_breadcrumb":false,"display_tags":false,"display_type":true,"display_vendor":false,"display_collections":true,"display_social_buttons":true,"product_images_position":"left","product_slideshow_animation":"slide","slideshow_speed":"6","product_thumbs":false,"product_description_position":"top","display_related_products":true,"add_to_cart_text":"Add to Cart","sold_out_text":"Sold Out","free_price_text":"Free","related_products_title":"Related Items","notify_me_form":true,"display_product_quantity":false,"display_inventory_left":false,"inventory_left_text":"items left","products_per_row":"2","mobile_products_per_row":"2","pagination_limit":"48","align_height":false,"collection_height":"200","collection_breadcrumb":true,"collection_tags":false,"collection_sort":true,"display_collection_title":true,"sale_banner_enabled":true,"quick_shop_enabled":true,"quick_shop_full_description":false,"description_words":"25","homepage_sidebar":false,"collection_sidebar":false,"product_sidebar":false,"collection_sidebar_linklist":"","collection_sidebar_linklist2":"","filter_by_category":false,"filter_by_tag":false,"collection_sidebar_products":false,"collection_sidebar_vendors":false,"collection_sidebar_vendor_text":"Vendors","tags_text":"Filter","cart_action":"ajax","side_cart_enabled":true,"tax_included":false,"display_special_instructions":false,"show_shipping_calculator":false,"shipping_calculator_heading":"Shipping rates calculator","shipping_calculator_default_country":"United States","shipping_calculator_submit_button_label":"Calculate shipping rates","shipping_calculator_submit_button_label_disabled":"Calculating...","constrain_logo":true,"total_text":"TOTAL","display_recent_articles":true,"display_social_buttons_blog":true,"blog_tags":true,"blog_author":true,"blog_content_page":"","disqus_enabled":false,"disqus_shortname":"","contact_address":"","zoom_level":"15","copyright_text":"","newsletter_enabled":true,"newsletter_description":"Sign up to get the latest on sales, new releases and more …","newsletter_success_text":"Thank you for joining our mailing list!","newsletter_system":"shopify","mailchimp_link":"","footer_linklist_1":"footer","footer_content_page":"","display_designed_by":true,"social_icons_footer":true,"twitter_link":"http:\/\/twitter.com","facebook_link":"http:\/\/facebook.com","google_link":"","youtube_link":"","vimeo_link":"","pinterest_link":"","tumblr_link":"","instagram_link":"","linkedin_link":"","flickr_link":"","email_link":"","use_paypal":false,"use_bitcoin":false,"use_visa":false,"use_visaelectron":false,"use_mastercard":false,"use_amex":false,"use_cirrus":false,"use_delta":false,"use_discover":false,"use_western_union":false,"show_multiple_currencies":false,"currency_format":"money_format","supported_currencies":"USD CAD AUD GBP EUR JPY","default_currency":"USD","newsletter_popup":false,"newsletter_popup_form":true,"newsletter_popup_seconds":"2","newsletter_popup_days":"30","newsletter_popup_max_width":"600","customer_layout":"theme","blog_widget":"false","instagram_tag_name":"","slideshow_animation":"fade","slideshow_menu":"true","cart_return":"checkout","side_cart_button_position":"bottom","cart_button_background":"#666666","nav_active_color":"#B8C6C6","quick_shop_text":"Quick View","newsletter_text":"News & Updates","footer_link_color":"#55c0d4","footer_link_color_hover":"#fc4c02","footer_color":"#16161d","footer_text_color":"#ffffff","featured_text":"#ffffff","feature1_text":"420x265","feature2_text":"420x265","feature3_text":"420x265","featured_links_weight":"bold","social_icons_enabled":"true","headline_sub_footer_text_color":"#404040","option_to_match":"","collection_sidebar_page":"","collection_top_sidebar_page":"","frontpage_collection_full":""}},"current":{"customer_layout":"theme","logo_width":"205","dropdown_column_links":"10","logo_top_padding":"15","menu_top_padding":"0","content_top_padding":"150","link_color":"#4170a5","link_hover_color":"#4170a5","sidebar_nav_color":"#ffffff","sidebar_nav_color_hover":"#4170a5","btn_color":"#fca521","btn_hover_color":"#1e41a8","btn_text_color":"#ffffff","sale_color":"#4170a5","sale_banner_color":"#ffb400","new_banner_color":"#ffb400","was_price_color":"#363636","border_color":"#ffffff","tab_background_color":"#ffffff","shop_bg_color":"#ffffff","modal_background_color":"#ffffff","header_bg_color":"#efefef","mobile_header_bg_color":"#ffffff","shop_home_page_content_bg_color":"#ffffff","shop_home_page_content_text_color":"#363636","sub_footer_link_color":"#7f8c8d","sub_footer_link_color_hover":"#4170a5","sub_footer_border_color":"#1b1f23","sub_footer_color":"#1b1f23","logo_font_size":"30","logo_color":"#363636","logo_color_home":"#ffffff","headline_font_size":"20","headline_letter_spacing":"3","headline_color":"#363636","headline_footer_text_color":"#7f8c8d","headline_border_color":"#363636","nav_font_size":"12","nav_color":"#363636","nav_color_home":"#333333","nav_color_hover":"#4170a5","nav_letter_spacing":"2","regular_font_size":"22","regular_color":"#363636","button_font_size":"16","footer_font_size":"14","sub_footer_text_color":"#6b6b6b","promo_text":"Join The ROBOLUTION™","slideshow_headline_size":"35","slideshow_subtitle_size":"25","image_1_height":"800","image_1_headline":"CREATE YOUR WORLD™","image_1_subtitle":"","image_1_text_color":"#000000","image_1_button_text":"Buy The R1 3D Printer","image_1_link":"http:\/\/www.robo3d.com\/products\/robo-3d-abs-model-fully-assembled","image_2_height":"600","image_2_headline":"3D Printing For Education","image_2_subtitle":"","image_2_text_color":"#ffffff","image_2_button_text":"","image_2_link":"","image_3_height":"600","image_3_headline":"3D Printing For The Whole Family","image_3_subtitle":"","image_3_text_color":"#ffffff","image_3_button_text":"","image_3_link":"","image_4_height":"600","image_4_headline":"3D Printing For The Creative","image_4_subtitle":"","image_4_text_color":"#ffffff","image_4_button_text":"","image_4_link":"","image_5_height":"550","image_5_headline":"3D Printing For The Inventor","image_5_subtitle":"","image_5_text_color":"#ffffff","image_5_button_text":"","image_5_link":"","image_6_height":"600","image_6_headline":"","image_6_subtitle":"","image_6_text_color":"#ffffff","image_6_button_text":"","image_6_link":"","feature1_link":"http:\/\/www.robo3d.com\/collections\/filament","feature1_title":"Get Filament","feature2_link":"http:\/\/www.robo3d.com\/products\/robo-3d-abs-model-fully-assembled","feature2_title":"Buy R1","feature3_link":"http:\/\/www.robo3d.com\/pages\/robo-3d-gallery","feature3_title":"The Gallery","feature4_link":"","feature4_title":"","twitter_username":"robo3dprinter","tweet_count":"6","instagram_client_id":"f18ea745b82045fcae5263bb002ab574","instagram_title":"Instagram","instagram_username":"robo3dprinter","instagram_count":"8","free_price_text":"Free","collection_height":"200","description_words":"25","shipping_calculator_default_country":"United States","disqus_shortname":"","image_blog_height":"400","image_blog_headline":"","image_blog_subtitle":"","image_blog_text_color":"#ffffff","contact_address":"","zoom_level":"15","image_contact_height":"400","image_contact_headline":"","image_contact_subtitle":"","image_contact_text_color":"#ffffff","copyright_text":"","mailchimp_link":"http:\/\/robo3dprinter.us6.list-manage.com\/subscribe\/post?u=737289213482df43cf5c845a0&amp;id=fcffefaf3b","twitter_link":"https:\/\/twitter.com\/robo3dprinter","facebook_link":"https:\/\/www.facebook.com\/Robo3dPrinter?ref=hl","google_link":"https:\/\/plus.google.com\/111512125833469986044\/posts","youtube_link":"https:\/\/www.youtube.com\/user\/RoBo3DPrinter1","vimeo_link":"","pinterest_link":"http:\/\/www.pinterest.com\/robo3d\/","tumblr_link":"","instagram_link":"http:\/\/instagram.com\/robo3dprinter","linkedin_link":"https:\/\/www.linkedin.com\/company\/robo-3d","flickr_link":"","email_link":"","supported_currencies":"USD CAD AUD GBP EUR JPY","default_currency":"USD","newsletter_popup_seconds":"2","newsletter_popup_days":"30","newsletter_popup_max_width":"600","total_text":"TOTAL","checkout_banner_background_color":"#ffffff","checkout_headline":"","checkout_accent_color":"#2a9dcc","checkout_button_color":"#2a9dcc","checkout_call_to_action_color":"#8fc243","feature1_description":"","feature2_description":"","feature3_description":"","feature4_description":"","search_option":"products","mobile_menu_color":"black","repeat_bg":"repeat","logo_google_webfont_font":"Lato","logo_weight":"lighter","logo_font_style":"uppercase","headline_google_webfont_font":"Questrial","headline_websafe_font":"Helvetica, Arial, sans-serif","headline_weight":"normal","headline_font_style":"uppercase","headline_border":"wide","nav_google_webfont_font":"Merriweather","nav_websafe_font":"Helvetica, Arial, sans-serif","nav_weight":"bold","nav_font_style":"uppercase","regular_google_webfont_font":"Lato","regular_websafe_font":"'HelveticaNeue-Light', 'Helvetica Neue Light', 'Helvetica Neue', Helvetica, Arial, sans-serif","regular_weight":"lighter","regular_font_style":"none","button_weight":"bold","button_font_style":"uppercase","slideshow_headline_weight":"normal","slideshow_subtitle_weight":"normal","image_1_position":"1","image_1_text_align":"left","image_2_position":"5","image_2_text_align":"center","image_3_position":"10","image_3_text_align":"center","image_4_position":"7","image_4_text_align":"center","image_5_position":"3","image_5_text_align":"center","image_6_position":"2","image_6_text_align":"left","content_1_position":"4","content_2_position":"6","content_3_position":"8","featured_links_position":"2","featured_links_count":"3","featured_links_style":"fadeInUp","featured_collections_position":"15","frontpage_collections_per_row":"2","featured_products_position":"8","frontpage_products_per_row":"4","featured_product_position":"9","featured_blog_position":"13","home_page_articles":"4","featured_social_position":"14","product_slideshow_animation":"fade","products_per_row":"2","mobile_products_per_row":"2","pagination_limit":"48","cart_action":"redirect_cart","image_blog_text_align":"left","image_contact_text_align":"center","currency_format":"money_format","checkout_logo":"","use_logo":true,"use_logo_home":false,"fixed_header":true,"search_enabled":false,"table_styles_enabled":true,"transparent_header":false,"use_custom_bg_image":false,"bg_fixed":false,"bg_stretched":false,"use_custom_footer_image":false,"footer_bg_stretched":false,"nav_shadow":false,"slideshow_shadow":false,"slideshow_1_enabled":false,"header_background":false,"homepage_arrow":false,"slideshow_2_enabled":true,"slideshow_3_enabled":true,"slideshow_4_enabled":true,"slideshow_5_enabled":true,"slideshow_6_enabled":false,"featured_links":true,"frontpage_display_description":false,"frontpage_product_stagger":false,"twitter_widget":true,"instagram_widget":true,"product_breadcrumb":false,"display_tags":false,"display_type":false,"display_vendor":false,"display_collections":false,"display_social_buttons":true,"product_thumbs":true,"display_related_products":false,"notify_me_form":true,"display_product_quantity":true,"display_inventory_left":false,"align_height":false,"collection_breadcrumb":true,"collection_tags":false,"collection_sort":true,"display_collection_title":true,"sale_banner_enabled":true,"quick_shop_enabled":true,"quick_shop_full_description":false,"homepage_sidebar":false,"collection_sidebar":false,"product_sidebar":true,"filter_by_category":false,"filter_by_tag":false,"collection_sidebar_products":false,"collection_sidebar_vendors":false,"side_cart_enabled":false,"tax_included":false,"display_special_instructions":true,"show_shipping_calculator":true,"blog_breadcrumb":false,"display_recent_articles":false,"display_social_buttons_blog":true,"blog_tags":false,"blog_author":true,"disqus_enabled":false,"slideshow_blog_enabled":false,"slideshow_contact_enabled":true,"newsletter_enabled":true,"display_designed_by":false,"social_icons_footer":true,"use_paypal":true,"use_bitcoin":true,"use_visa":true,"use_visaelectron":false,"use_mastercard":true,"use_amex":true,"use_cirrus":false,"use_delta":false,"use_discover":true,"use_western_union":false,"show_multiple_currencies":false,"newsletter_popup":false,"newsletter_popup_form":true,"constrain_logo":true,"checkout_use_header_image":false,"logo_typeface_method":"google_webfonts","headline_typeface_method":"websafe","nav_typeface_method":"websafe","regular_typeface_method":"websafe","product_images_position":"left","product_description_position":"bottom","newsletter_system":"mailchimp","main_linklist":"main-menu","logo_websafe_font":"Verdana, Helvetica, Arial, sans-serif","homepage1":"media","homepage2":"proud-companies-using-robo-3d","homepage3":"features","frontpage_linklist":"","frontpage_collection":"","frontpage_collection_full":"3d-printers","blog_widget_select":"robo-3d-blogging","slideshow_speed":"6","collection_top_sidebar_page":"social","collection_sidebar_linklist":"","collection_sidebar_linklist2":"","collection_sidebar_page":"","blog_content_page":"","footer_linklist_1":"","footer_content_page":"","newsletter_popup_page":"frontpage","shop_use_content_bg_color":"false","shop_content_bg_color":"","shop_use_home_page_content_bg_color":"true","image_1_alt_text":"","image_2_alt_text":"","image_3_alt_text":"","image_4_alt_text":"","image_5_alt_text":"","image_6_alt_text":"","add_to_cart_text":"Add to Cart","sold_out_text":"Sold Out","related_products_title":"Related Items","inventory_left_text":"items left","collection_sidebar_vendor_text":"Vendors","tags_text":"Filter","shipping_calculator_heading":"Shipping rates calculator","shipping_calculator_submit_button_label":"Calculate shipping rates","shipping_calculator_submit_button_label_disabled":"Calculating...","newsletter_description":"Sign up to get the latest on sales, new releases and more …","newsletter_success_text":"Thank you for joining our mailing list!","blog_widget":"false","instagram_tag_name":"","slideshow_animation":"fade","slideshow_menu":"true","cart_return":"checkout","side_cart_button_position":"bottom","cart_button_background":"#666666","nav_active_color":"#B8C6C6","quick_shop_text":"Quick View","newsletter_text":"News & Updates","footer_link_color":"#55c0d4","footer_link_color_hover":"#fc4c02","footer_color":"#16161d","footer_text_color":"#ffffff","featured_text":"#ffffff","feature1_text":"420x265","feature2_text":"420x265","feature3_text":"420x265","featured_links_weight":"bold","social_icons_enabled":"true","headline_sub_footer_text_color":"#404040","option_to_match":""}}