{"presets":{},"current":{"b_scaffolding_bg":"#ffffff","b_scaffolding_color":"#676767","b_links_decoration":"none","b_links_colour":"#000000","b_links_decoration_hover":"none","b_links_colour_hover":"#e3001b","b_h1_size":"30px","b_h1_weight":"normal","b_h1_colour":"#333333","b_h2_size":"22px","b_h2_weight":"normal","b_h2_colour":"#3a3a3a","b_h3_size":"20px","b_h3_weight":"normal","b_h3_colour":"#333333","b_h4_size":"16px","b_h4_weight":"normal","b_h4_colour":"#3a3a3a","b_h5_size":"14px","b_h5_weight":"normal","b_h5_colour":"#3a3a3a","b_h6_size":"12px","b_h6_weight":"normal","b_h6_colour":"#3a3a3a","b_tables_bg":"#ffffff","b_tables_bg_accent":"#878787","b_tables_bg_hover":"#fafafa","b_tables_border":"#c3c3c3","b_tables_head_colour":"#878787","b_forms_phd_txt":"#818080","b_forms_input_bg":"#ffffff","b_forms_input_border":"#eeeeee","b_forms_input_border_accent":"#818080","b_forms_input_disabled_bg":"#eeeeee","b_forms_actions_bg":"#818080","b_states_alerts_error_txt":"#fff0f0","b_states_alerts_error_bg":"#e3001b","b_states_alerts_success_txt":"#f2f6ec","b_states_alerts_success_bg":"#01a8d5","btn_btn_bg":"#e3001b","btn_btn_txt":"#ffffff","btn_btn_border":"#e3001b","btn_btn_bg_hover":"#212121","btn_btn_txt_hover":"#ffffff","btn_btn_border_hover":"#212121","btn_btn_font_size":"10px","btn_btn1_bg":"#a1d4d3","btn_btn1_txt":"#ffffff","btn_btn1_border":"#a1d4d3","btn_btn1_bg_hover":"#ffffff","btn_btn1_txt_hover":"#000000","btn_btn1_border_hover":"#000000","btn_btn1_font_size":"14px","btn_btn2_bg":"#ff6f6f","btn_btn2_txt":"#ffffff","btn_btn2_border":"#ff6f6f","btn_btn2_bg_hover":"#ffffff","btn_btn2_txt_hover":"#f55856","btn_btn2_border_hover":"#f55856","btn_btn2_font_size":"18px","btn_btn3_bg":"#5bd2ec","btn_btn3_txt":"#ffffff","btn_btn3_border":"#5bd2ec","btn_btn3_bg_hover":"#000000","btn_btn3_txt_hover":"#ffffff","btn_btn3_border_hover":"#000000","btn_btn3_font_size":"22px","btn_btn4_bg":"#ffffff","btn_btn4_txt":"#000000","btn_btn4_border":"#ffffff","btn_btn4_bg_hover":"#ffffff","btn_btn4_txt_hover":"#cf2411","btn_btn4_border_hover":"#ffffff","btn_btn4_font_size":"14px","b_tooltip_colour":"#ffffff","b_tooltip_bg":"#e3001b","b_tooltip_font_size":"10px","b_dropdowns_bg":"#eb217f","b_dropdowns_border":"#cccccc","b_dropdowns_link_color":"#cccccc","b_dropdowns_link_color_hover":"#eeeeee","b_dropdowns_link_bg_hover":"#f5f5f5","site_bg":"bg_colour","bg_colour":"#ffffff","selector_use":true,"selector_colour":"#4d4d4d","selector_bg":"#ffffff","product_item_effect":"rotation","header_font":"'Open Sans', sans-serif","general_font":"'Open Sans', sans-serif","general_font_size":"12px","misc_font":"'Droid Sans', sans-serif","typo_heading_colour":"#000000","typo_heading_size":"18px","typo_heading_border":"#a1d4d3","typo_title_colour":"#666666","typo_border1_colour":"#d2d2d2","typo_border2_colour":"#d2d2d2","carousel_bg":"#ffffff","carousel_colour":"#bfbfbf","carousel_hover_bg":"#ffffff","carousel_hover_colour":"#000000","header_bg_placement":"within-container","header_bg":"#ffffff","header_txt_size":"11px","header_txt_colour":"#4d4d4d","header_link_style":"normal","header_link_weight":"normal","header_link_colour":"#4d4d4d","header_link_style_hover":"normal","header_link_weight_hover":"normal","header_link_colour_hover":"#4d4d4d","header_border":"#c9c9c9","logo_image":"logo.png","logo_text":"","logo_colour":"#ffffff","logo_hover_colour":"#e3001b","logo_font_size":"36px","logo_font_style":"normal","logo_font_weight":"normal","show_header_search":true,"search_icon":true,"search_icon_colour":"#676767","search_icon_size":"12px","search_searchtext":"Rechercher un produit, une catégorie, une marque","show_header_cart":true,"cart_bg_colour":"#e3001b","cart_dropdown":true,"cart_icon_colour":"#ffffff","cart_icon_size":"16px","top_txt_size":"10px","top_txt_colour":"#4d4d4d","top_link_colour":"#4d4d4d","top_link_colour_hover":"#4d4d4d","show_header_customer":true,"customer_login_dropdown":true,"show_multiple_currencies":false,"currency_format":"money_format","supported_currencies":"USD EUR GBP","default_currency":"EUR","currency_heading":"","currency_style":"plain","nav_linklist":"main-menu","nav_font_size":"14px","nav_link_colour":"#4d4d4d","nav_hover_colour":"#4d4d4d","nav_hover_bg":"#000000","nav_bg":"#000000","dropdown_bg_colour":"#ffffff","dropdown_item_colour":"#4d4d4d","dropdown_bg_colour_hover":"#4d4d4d","dropdown_colour_hover":"#4d4d4d","mobile_bg_colour":"#4d4d4d","mobile_item_colour":"#4d4d4d","show_slideshow":true,"slideshow_auto":false,"show_slideshow_dots":true,"slideshow_dots_colour":"#dddddd","slideshow_dots_hover_colour":"#434648","slideshow_placement":"full-width","slide-active-1":true,"slide-call-to-action-1":"","slide-call-to-action-bg-1":"#e3001b","slide-heading-1":"","slide-heading-colour-1":"#322c29","slide-heading-animation-1":"moveFromLeft","slide-caption-1":"","slide-caption-colour-1":"#322c29","slide-caption-animation-1":"moveFromLeft","slide-caption-des-1":"","slide-caption-colour-des-1":"#000000","slide-caption-animation-des-1":"moveFromLeft","show-right-image-1":true,"slide-link-1":"http:\/\/maga-meubles.fr\/products\/canape-angle-droit-laguna","slide-active-2":true,"slide-call-to-action-2":"","slide-call-to-action-bg-2":"","slide-heading-2":"","slide-heading-colour-2":"#373737","slide-heading-animation-2":"moveFromLeft","slide-caption-2":"","slide-caption-colour-2":"#000000","slide-caption-animation-2":"moveFromLeft","slide-caption-des-2":"","slide-caption-colour-des-2":"#000000","slide-caption-animation-des-2":"moveFromLeft","show-right-image-2":true,"slide-link-2":"http:\/\/maga-meubles.fr\/products\/enfilade-4-porte-bellone","slide-active-3":true,"slide-call-to-action-3":"","slide-call-to-action-bg-3":"#000000","slide-heading-3":"","slide-heading-colour-3":"#000000","slide-heading-animation-3":"moveFromLeft","slide-caption-3":"","slide-caption-colour-3":"#e3001b","slide-caption-animation-3":"moveFromLeft","slide-caption-des-3":"","slide-caption-colour-des-3":"#ffffff","slide-caption-animation-des-3":"moveFromLeft","show-right-image-3":false,"slide-link-3":"http:\/\/maga-meubles.fr\/products\/140x190-matelas-destinee","slide-active-4":false,"slide-call-to-action-4":"","slide-call-to-action-bg-4":"#000000","slide-heading-4":"","slide-heading-colour-4":"#000000","slide-heading-animation-4":"moveFromLeft","slide-caption-4":"","slide-caption-colour-4":"#ffffff","slide-caption-animation-4":"moveFromLeft","slide-caption-des-4":"","slide-caption-colour-des-4":"#ffffff","slide-caption-animation-des-4":"moveFromLeft","show-right-image-4":false,"slide-link-4":"","slide-active-5":false,"slide-call-to-action-5":"","slide-call-to-action-bg-5":"#000000","slide-heading-5":"","slide-heading-colour-5":"#000000","slide-heading-animation-5":"moveFromLeft","slide-caption-5":"","slide-caption-colour-5":"#ffffff","slide-caption-animation-5":"moveFromLeft","slide-caption-des-5":"","slide-caption-colour-des-5":"#ffffff","slide-caption-animation-des-5":"moveFromLeft","show-right-image-5":false,"slide-link-5":"","home_heading_size":"28px","home_heading_style":"normal","home_heading_weight":"bold","home_heading_colour":"#000000","home_border_colour":"#d9d9d9","show_page_home":false,"show_page_home_heading":"Introduction","page_home":"frontpage","featured_section_show_1":false,"featured_section_heading_1":"Featured Products","featured_section_collection_1":"accum-etiam-lobortis-purus","featured_section_number_1":"6","featured_section_show_2":false,"featured_section_heading_2":"Staff Pick","featured_section_collection_2":"all","featured_section_number_2":"8","featured_collections_home":true,"featured_collections_home_heading":"Mes espaces de Vie","home_banner_beside_use":false,"home_banner_show_1":true,"home_banner_link_1":"\/collections\/all","home_banner_show_2":true,"home_banner_link_2":"\/collections\/all","home_banner_show_3":true,"home_banner_link_3":"\/collections\/all","home_banner_show_4":true,"home_banner_link_4":"\/collections\/all","show_mailing_list":true,"mailing_list_heading":"NEWSLETTER","mailing_list_tagline":"form","mailchimp_form_action":"http:\/\/maga-meubles.us8.list-manage.com\/subscribe\/post?u=5638b22c8bc890c8b2bb3d2c1&amp;id=d41199412a\"","mailing_list_emailtext":"Recevez des informations et des bons plans en avant-première","mailing_icon_colour":"#000000","mailing_icon_bg":"#000000","first_category_text":"Découvrez chaque semaine, la sélection de nos produits en promo avec des offres pouvant aller jusqu’à -40% sur de la literie, -35% sur des canapé séjour, et encore plein d’autres offres exceptionnelles… Contactez-nous pour en savoir plus!","first_category_selection":"promo","second_category_text":"La sélection des derniers produits tendances par nos experts en fonction de nos nouveautés, de nos dernières ventes ou des produits phares dans nos magasins.<br>  Retrouvez nos experts par téléphone, chat, sur les réseaux sociaux et dans le magasins le plus proche de chez vous.","third_category_text":"Depuis 1976, Maga Meubles a mi la qualité de son service et le meilleur prix au centre de sa relation client. Nous sommes à votre écoute toute l’année par téléphone, chat et sur les réseaux sociaux afin de répondre à toutes vos demandes. Suivez nos actualités et nos annonces sur Facebook et sur Twitter pour découvrir des bons de réductions \"surprise\"","box_text_bold_1":"Diversifié.","box_text_normal_1":"Choisissez parmi plus de 1000 produits","box_text_inner_1":"MAGA est une boutique en ligne qui offre une sélection de plusieurs milliers de produits. Vous  êtes surs d'avoir de l'inspiration pour aménager votre maison. Décorer là avec des meubles,  lampes de décoration. N'oubliez pas de découvrir pas de découvrir notre espace chambre qui  propose des matelas, des lits et des sommiers à de prix imbattables.","box_text_bold_2":"Retrait gratuit en magasin.","box_text_normal_2":"","box_text_inner_2":"Nous vous proposons de récupérer votre commande dans un de nos 7 magasins. Simplifiez  vous la vie en économisant les frais de livraison. Consultez la location du magasin le plus  proche de chez vous et ses horaires d'ouverture dans la rubrique \"nos magasins\" situé en bas  de page.","box_text_bold_3":"Fiable.","box_text_normal_3":"Paiement 100% sécurisé","box_text_inner_3":"Notre système de paiement est fourni par la société Paypal, leader mondial du paiement sur  internet. C'est la garantie d'un paiement 100% sécurisé pour vous. Vous pouvez acheter vos  meubles en toute confiance en profitant de la confidentialité de vos données.Avec un droit de  retour de 30 jours, nos clients les plus exigeants seront satisfait. N'hésitez pas à nous  contacter notre service client","box_text_bold_4":"Efficace.","box_text_normal_4":"Faîtes vous livrer rapidement","box_text_inner_4":"Simplifiez vous la vie sans avoir à vous déplacer. Beaucoup de nos articles sont  immédiatement disponibles à l'expedition ou en quelques jours. Nous vous livrons à l'adresse  de votre choix après une prise de rendez­vous. Si par hasard, vous souhaitez  retourner votre  article, consultez nos conditions générales de vente pour plus d'informations.","box_text_bold_5":"Inégalable.","box_text_normal_5":"Nous offrons les meilleurs prix","box_text_inner_5":"Notre catalogue en ligne propose des articles pour tous les budgets. Chez MAGA, vous  pouvez bénéficier de promotions pouvant aller jusqu'à ­ 40%. Nos exclusivités web sont mise  à jour régulièrement pour vous proposer toujours plus de bons plans. Grâce à nos réductions  et nos offres promotionnelles, vous trouverez la qualité MAGA au meilleur prix. Avec MAGA,  le meilleur du meuble est chez vous.","bottom_block_use":false,"bottom_block_show_1":true,"bottom_block_heading_1":"Livraison gratuite à partir de 500€","bottom_block_caption_1":"","bottom_block_show_2":true,"bottom_block_heading_2":"Appel Local 0384938641","bottom_block_caption_2":"","footer_bg_placement":"within-container","footer_bg":"#1e1b1a","footer_txt_size":"12px","footer_txt_colour":"#333333","footer_link_style":"normal","footer_link_weight":"normal","footer_link_colour":"#333333","footer_link_style_hover":"normal","footer_link_weight_hover":"normal","footer_link_colour_hover":"#e3001b","twitterwidget_visible":false,"twitterwidget_title":"From twitter","twitterwidget_username":"alexandre.chapoutot@maga-meubles.fr","twitterwidget_id":"491251174549381120","twitterwidget_numtweets":"2","twitterwidget_link_colour":"#e3001b","show_footer_linklist1":true,"footer_linklist1_heading":"Informations","footer_linklist1":"footer","show_footer_linklist2":false,"footer_linklist2_heading":"Informations","footer_linklist2":"footer","show_footer_about_us":false,"footer_about_us_heading":"A propos","content_footer_about_us":"Lorem ipsum dolor sit amet, consectetur adipiscing elit. Vivamus vel posuere metus. Donec tempus adipiscing purus in congue. Nulla facilisi. Aliquam erat volutpat","social_icons_show":true,"social_icons_heading":"RESEAUX SOCIAUX","social_icons_colour":"#e3001b","social_icons_hover_colour":"#e3001b","social_icons_size":"48px","social_icons_facebook_link":"https:\/\/www.facebook.com\/magameuble","social_icons_facebook_show":true,"social_icons_twitter_link":"https:\/\/twitter.com\/MagaMeubles","social_icons_twitter_show":true,"social_icons_pinterest_link":"#","social_icons_pinterest_show":false,"social_icons_google_link":"#","social_icons_google_show":false,"social_icons_youtube_link":"#","social_icons_youtube_show":false,"social_icons_vimeo_link":"#","social_icons_vimeo_show":false,"social_icons_instagram_link":"#","social_icons_instagram_show":false,"social_icons_tumblr_link":"#","social_icons_tumblr_show":false,"social_icons_dribbble_link":"#","social_icons_dribbble_show":false,"social_icons_atom_link":"#","social_icons_atom_show":false,"show_footer_linklist3":false,"footer_linklist3":"","show_visa":true,"show_mastercard":true,"show_amex":true,"show_paypal":true,"show_sidebar_prodcoll":false,"sidebar_heading_size":"20px","sidebar_heading_style":"normal","sidebar_heading_weight":"normal","sidebar_heading_colour":"#444444","sidebar_bg":"#ffffff","sidebar_txt_size":"12px","sidebar_txt_colour":"#444444","sidebar_link_style":"normal","sidebar_link_weight":"normal","sidebar_link_colour":"#444444","sidebar_link_hover_style":"normal","sidebar_link_hover_weight":"bold","sidebar_link_hover_colour":"#e3001b","sidebar_border_colour":"#ededed","featured_prod_visible":true,"featured_prod_heading":"Featured Products","featured_prod_collection":"accum-etiam-lobortis-purus","featured_prod_num":"6","textwidget_visible":false,"textwidget_heading":"Welcome","textwidget_content":"Maecenas vitae urna in arcu pla vulputate ut eu dui. Fusce quisst neque vulputate, viverra orci vel, accumsan lorem. Lorem ipsum dolor sit amet, consectetur adipiscing elit. Mauris sit amet felis sed tellus","show_vendors_widget":false,"vendors_widget_heading":"Product Vendors","show_types_widget":false,"types_widget_heading":"Product Types","show_allcollections_widget":true,"allcollections_heading":"Product Categories","show_widget_linklist1":false,"widget_linklist1":"","show_widget_linklist2":false,"widget_linklist2":"","collection_banner":false,"collection_image":true,"collection_desc":true,"collection_tags":true,"collection_sort":true,"collection_show":true,"collection_grid_list":true,"collection_grid_list_default":"grid","collection_pagination_limit":"6","main_image_display":"both","show_wish_list":true,"share_wish_list_text":"Share my wish list via email","share_wish_list":false,"product_price_font_size":"18px","product_price_font_style":"normal","product_price_font_weight":"bold","product_price_colour":"#e3001b","product_compare_price_font_size":"14px","product_compare_price_font_style":"normal","product_compare_price_font_weight":"normal","product_compare_price_colour":"#4e4e4e","product_soldout_font_size":"14px","product_soldout_font_style":"italic","product_soldout_font_weight":"bold","product_soldout_colour":"#4e4e4e","use_saleoff":"saleoff_img","saleoff_txt":"Vente","saleoff_colour":"#ffffff","saleoff_font_size":"13px","saleoff_bg":"#000000","product_border1_colour":"#dfdfdf","product_background1_colour":"#ffffff","like_facebook":false,"like_twitter":false,"like_googleplus":false,"like_pinterest":false,"share_facebook":true,"share_twitter":true,"share_pinterest":false,"share_email":true,"share_print":true,"share_all":false,"productspg_related_products":true,"productspg_featured_collection":"pellentes-sagittis-sodales-1","productspg_featured_collection_heading":"Related items","productspg_featured_limit":"6","blog_text":"#8e8e8e","blog_link":"#2c2a2a","blog_link_hover":"#e3001b","blog_border_colour":"#d2d2d2","blog_pagination_limit":"2","blog_sidebar_show":true,"blog_recent_show":true,"blog_recent_title":"ARTICLES RECENTS","blog_recent_blog":"news","blog_recent_number":"2","blog_tags_show":true,"blog_tags_title":"Tags","comment_bg":"#eeeeee","comment_pagination_limit":"5","contact_map_heading":"Envoyer nous un message","contact_map":true,"contact_type":"ROADMAP","contact_zoom":"17","contact_address":"5 rue des Cannes 70300 Luxeuil les Bains","contact_scroll":false,"contact_height":"345","allow_add_note":true,"shipping_calculator":"Enabled","shipping_calculator_heading":"TARIF DE LIVRAISON","shipping_calculator_default_country":"France","shipping_calculator_submit_button_label":"Calculer livraison","shipping_calculator_submit_button_label_disabled":"Calculating...","cart_page_text":"","totop_show":true,"totop_label":"Top","include_filter_no_1":true,"filter_no_1_label":"Matériau","filter_no_1_linklist":"material_filter","include_filter_no_2":true,"filter_no_2_label":"Couleurs","filter_no_2_linklist":"couleurs-filters","include_filter_no_3":true,"filter_no_3_label":"Marque","filter_no_3_linklist":"brand-filter","include_filter_no_4":true,"filter_no_4_label":"Caractéristiques","filter_no_4_linklist":"characterstics-filter","include_filter_no_5":true,"filter_no_5_label":"Quantité","filter_no_5_linklist":"quantity-filter","checkout_use_header_image":false,"checkout_banner_background_color":"#ffffff","checkout_logo":"logo.png","checkout_headline":"","checkout_accent_color":"#2a9dcc","checkout_button_color":"#2a9dcc","checkout_call_to_action_color":"#8fc243","customer_layout":"theme","top_bg_colour":"#fe4b4b","footer_linklist4_heading":"","footer_linklist4":"footer","show_footer_linklist4":"true","home_banner_heading":"today's promotions","home_banner_heading_colour":"#ffffff","home_banner_action":"advertise with us","home_banner_action_link":"\/collections\/all","home_banner_link_5":"\/collections\/all","home_banner_link_6":"#","home_banner_link_7":"#","home_banner_link_8":"#","home_banner_link_9":"#","home_banner_link_10":"#","ads_home_heading":"Fusce fashion","ads_home_heading_size":"67","ads_home_heading_color":"#ffffff","ads_home_caption":"Praesent egestas","ads_home_caption_size":"67","ads_home_caption_color":"#ffffff","ads_home_action":"Shop online","ads_home_action_link":"\/collections","ads_home_action_size":"23","ads_home_action_color":"#000000","ads_home_action_bg":"#ffffff","home_banner_heading_size":"18px","home_banner_use":"true","home_banner_show_5":"true","home_banner_show_6":"false","home_banner_show_7":"false","home_banner_show_8":"false","home_banner_show_9":"false","home_banner_show_10":"false","show_ads_home":"true","featured_section_heading_3":"Most Popular","featured_section_number_3":"10","featured_section_collection_3":"","featured_section_show_3":"false","blog_panner1_title":"","blog_panner1_link":"\/collections\/all","blog_panner2_title":"","blog_panner2_link":"\/collections\/all","blog_panner1_show":"true","blog_panner2_show":"true","productspg_related_products_heading":"Related item","top_message_1_title":"Free shipping to over 100 countries +","top_message_1_link":"\/collections\/all","top_message_2_title":"Save: up to 50% off women \/ men","top_message_2_link":"\/collections\/all","show_top_message_1":"true","show_top_message_2":"true","3_sections_home_heading_colour":"#505050","3_sections_home_text_colour":"#000000","section1_heading":"","section1_text":"","section2_heading":"","section2_text":"","3_sections_home_heading_size":"14px","3_sections_home_heading_style":"normal","3_sections_home_text_size":"18px","3_sections_home_text_style":"bold","section1_use":"both","section2_use":"both","show_3_sections_home":"true","bottom_shipping_heading":"Free shipping all over $695","bottom_shipping_action_txt":"View details","bottom_shipping_action_link":"#","bottom_contact_heading":"About Estmeque’s","bottom_contact_action1_title":"Visit store","bottom_contact_action1_link":"\/","bottom_contact_action2_title":"Contact","bottom_contact_action2_link":"\/pages\/contact-us","bottom_contact_intro":"Pellentesque a lobortis ligula. Phasellus aliquam, orci et congue bibendum, elit orci facilisis turpis, vitae suscipit nisi  mattis nec quam a ultricies. Sed vitae lacinia nequejusto aliquam lacus, eget bibendum lectus  neque a enim massa loreser","bottom_contact_address":"No.123 fake, Green house, Heaven Ward, Gosh City","bottom_contact_email":"emthemesvn@gmail.com","bottom_contact_phone":"010 123 789 345","bottom_contact_fax":"010 234 890 734","bottom_contact_website":"","partners_heading":"Our Partner","partners_link_1":"\/","partners_link_2":"\/","partners_link_3":"\/","partners_link_4":"\/","partners_link_5":"\/","partners_link_6":"\/","partners_link_7":"\/","partners_link_8":"\/","partners_link_9":"\/","partners_link_10":"\/","bottom_shipping_show":"true","bottom_contact_show":"true","partners_show":"true","partners_logo_show_1":"true","partners_logo_show_2":"true","partners_logo_show_3":"true","partners_logo_show_4":"true","partners_logo_show_5":"true","partners_logo_show_6":"true","partners_logo_show_7":"true","partners_logo_show_8":"true","partners_logo_show_9":"true","partners_logo_show_10":"true","sidebar_panner1_title":"","sidebar_panner1_link":"\/collections\/all","sidebar_panner2_title":"","sidebar_panner2_link":"\/collections\/all","sidebar_panner1_show":"true","sidebar_panner2_show":"true","flickr_heading":"Flickr","flickr_id":"78156602@N03","flickr_limit":"6","flickr_border":"#ffffff","flickr_border_hover":"#000000","footer_linklist3_heading":"Customer Service","social_icons_flickr_link":"#","show_sidebar_placement":"right","flickr_show":"true","social_icons_flickr_show":"false","show_footer_secure":"false","sidebar_heading_bg":"#ffffff","latest_news_heading":"Estneque fashions BLog","latest_news_number":"2","footer_tags_heading":"Popular Tags","footer_tags_limit":"10","footer_tags_color_hover":"#ffffff","footer_tags_bg_hover":"#000000","footer_tags_collection":"all","latest_news_show":"true","footer_tags_show":"true","show_skrill":"true","left_bg_action_txt":"Collections","left_bg_action_link":"\/collections","right_bg_action_txt":"Collections","right_bg_action_link":"\/collections","left_bg_action_position":"none","right_bg_action_position":"bottom","left_bg_use":"true","right_bg_use":"true","slideshow_navs_colour":"#ffffff","carousel_dots_colour":"#333333","carousel_dots_active_colour":"#ffffff","show_carousel":"true","carousel_auto":"true","show_carousel_dots":"false","carousel_placement":"full-width","footer_heading_colour":"#2d2e30","footer_link_miscellaneous":"#000000","footer_heading_size":"12px","footer_heading_style":"bold","footer_heading_weight":"normal","sidebar_link_size":"12px","sidebar_link_hover_size":"12px","mobile_hover_colour":"#808080","nav_link_bg":"#cd2122","sale_text_color":"#808080","comment_text_colour":"#AFAFAF","comment_author_colour":"#FCF3C1","comment_date_colour":"#3A3D3F","search_pagination_limit":"6","qs_colour":"#202020","qs_bg":"#FFFFFF","qs_border":"#e5e5e5","qs_colour_hover":"#a2a2a2","qs_bg_hover":"#000000","qs_border_hover":"#a2a2a2","dropdown_hover_colour":"#202020","mailing_list_type":"mailchimp","footer_link_hover_colour":"#000000","footer_link_hover_size":"14px","footer_link_hover_style":"normal","mailing_list_title":"Newsletter","b_links_hover_colour":"#005580","header_link_hover_colour":"#000000","b_links_hover_size":"12px","b_links_hover_style":"bold","header_link_hover_size":"12px","header_link_hover_style":"normal","latest_news_post":"blog","__LIQUID__.b_states_alerts_error_bg":"#f2dede","__LIQUID__.b_states_alerts_error_txt":"#b94a48","__LIQUID__.footer_bg":"#ffffff"}}